name,age,street,city,state,zip,lng,lat
Jennifer Castillo,42,73552 William Heights Suite 205,South Andrea,Hawaii,55471,-45.347791,-21.592434
Aaron Maldonado,52,059 Debra Glens Apt. 270,Candacetown,Indiana,24772,14.423290,53.1855185
Bill Moore,46,357 Kennedy Junction Suite 980,South Stephanie,North Dakota,55206,-17.496089,72.4379055
Kevin Chan,24,839 Thomas Crest Suite 580,South Andreaburgh,Colorado,71213,15.242532,-11.3242945
Mark Smith,60,84822 Aimee Tunnel Suite 865,Danielville,Michigan,51330,-13.422603,-44.7188945
Jeanette Duncan,29,964 Matthew Ramp Apt. 702,West Evan,West Virginia,74873,-24.078289,-74.645703
Fred Combs,29,5818 Jarvis Shore Apt. 121,New David,Oklahoma,93235,-161.017934,-35.3029995
Leah Mckee,39,195 Marshall Trail Suite 248,New Bryanton,North Dakota,99458,121.809349,-2.6329665
Dawn Brown,62,98724 Escobar Trail,West Kimberlyfort,Missouri,87276,13.973381,44.829909
Kim Harris,45,821 Mitchell Keys,East Erica,Louisiana,48814,84.880799,83.8019375
Christopher Cortez,30,4647 Diaz View,New Mark,West Virginia,75629,-158.681262,32.2794675
Melinda Ashley DVM,58,75744 Fischer Tunnel Suite 157,Sextonberg,California,91629,18.027274,1.3319355
Gail Vargas,80,28756 Gary Ranch,Port Loganview,Mississippi,30748,20.765931,43.663883
Logan Thompson,42,15611 Knight Shore Apt. 684,East Jesus,Texas,83610,-32.538904,41.768408
Cody Robinson,47,3098 Walker Orchard,South Christopherfurt,Wyoming,53384,134.577534,76.858710
Mr. Corey Roach,24,8245 Davis Pike,East Russellberg,Utah,20370,4.625749,51.1826495
Richard Mcclain,39,67275 Brown Roads Apt. 217,North Jennifer,Texas,72232,28.633559,43.2774185
Lisa Stone,69,35078 Clark Coves Apt. 600,East Jillborough,Florida,65779,-62.410439,-43.947746
Kristen Kramer,29,923 Robinson Falls,Teresaport,Iowa,43930,-150.435273,16.572666
Joanne Clarke,19,925 Parker Causeway Apt. 042,Jimmymouth,Kansas,36651,-90.612605,-37.922379
Justin Ayala,44,594 Russo Landing Apt. 796,West Andrewborough,Connecticut,10690,166.851208,-10.4241315
Taylor Wright,66,2628 Wendy Streets Suite 837,New Josephtown,California,32903,54.577047,-38.0552435
Terry Young,75,89439 Butler Inlet Apt. 093,Port Amyburgh,Maryland,33865,171.565375,-6.150310
Michael Weber,60,305 Delacruz Village Apt. 835,Christianfort,Ohio,32418,-17.764445,-66.9925185
Alicia Middleton,36,822 Tran Keys Apt. 672,West Jenniferland,Minnesota,75309,14.518789,38.592130
Eric Lang,66,207 Allen Springs Apt. 600,Grahamfurt,Mississippi,88407,-96.034978,-59.614832
Laura Davis,58,20068 Gonzalez Alley,New Sarah,Illinois,50474,43.713398,-28.9327725
Mr. Charles Cantrell,21,2789 Daniel Fields,Ortizland,Pennsylvania,57764,174.868107,72.2286055
Scott Pitts,54,48097 Jonathan Fords Suite 176,Tammytown,Wisconsin,26511,-176.791314,43.6746235
Danielle Gardner,62,37077 Hughes Point Apt. 331,Kathleenfort,Alaska,89828,51.191341,40.9923535
Kelly Booker,61,607 Vincent Parks Suite 044,East Kevinside,Colorado,43299,154.338653,10.838654
Stacy Stark,52,4981 Bailey Light,South Nancyborough,Maryland,16482,164.122721,25.375295
Lauren Garza,28,327 Jones Corners,Cynthiaberg,New Jersey,74377,-109.119925,5.5024295
Dustin Ingram,42,5218 Randy Camp Suite 323,Heatherstad,Nebraska,13589,53.998487,-75.300606
Kristy Robinson,55,649 Justin Glens Apt. 179,Mendezshire,Indiana,78763,123.549443,-47.642760
Annette Chase,21,83735 Brady Isle,East Jennifer,Oregon,59846,79.033653,-63.745816
Tina Bryant,65,450 Solomon Parks Suite 080,Lake Adam,Minnesota,01243,82.475843,-86.3767185
James Williams,55,9836 Mckinney Estate Apt. 414,South Aprilburgh,Oklahoma,00857,71.445767,32.839771
Veronica Nicholson,22,200 Roger Pike,New Nicoleview,Vermont,51683,-73.538947,5.616194
Nancy Turner,20,6387 Jay Port Suite 644,North Marymouth,Tennessee,96177,63.303831,-79.1717625
Craig Mendoza,52,079 James Corners,West Jeremy,Massachusetts,41682,148.706872,84.7291595
Mark Johnson,65,90160 Katherine Junction Suite 021,Sydneyland,Hawaii,09655,134.860064,59.688600
Jason Glover,70,7185 James Trace Apt. 598,North Taylor,Arizona,96085,133.311939,-74.529654
Tyler Evans,63,718 Sanders Walks,Jenniferview,North Dakota,33268,-107.177880,-26.1671745
Gabrielle Williams,35,014 Michael Plain Apt. 359,Port Robertland,West Virginia,03431,-113.565226,15.449864
Steven Andrews,59,6620 Brown Mills Apt. 979,Goodmanberg,Arizona,47714,-165.748782,34.339081
Jamie Johnson,66,2972 Kenneth Road,South Ryan,Arizona,71394,59.806778,49.193983
Ms. Sarah Peters,65,859 Cody Harbor,Lake Shelbymouth,Delaware,87628,-58.694964,75.7505825
John Simpson,40,1310 Robert Rue,Barbarachester,West Virginia,92313,-38.685224,-50.431879
Christian Schwartz,23,9261 Watts Streets Apt. 822,Lake Evanhaven,Oregon,14663,-46.928259,-14.1073135
Nichole Brown,21,7319 Hamilton Viaduct,Lake Bryanfurt,New York,06687,168.381253,-37.372114
Justin Martin,57,615 Stevens Meadow,West Staceymouth,Illinois,93801,60.302983,-57.770182
Heather Abbott,41,24754 Carolyn Mount,Carolport,West Virginia,85913,-43.333412,31.093118
Jacqueline Miller,23,37702 April Isle Apt. 418,Mendezland,Connecticut,03637,47.506467,-10.9457075
Ivan Walker,65,16640 William Walk Apt. 352,Lake Jamesville,Oklahoma,53743,173.549964,-10.477084
Brandon Tyler,45,299 Hamilton Branch,Butlerton,Rhode Island,17663,68.358210,34.8093095
Jennifer Adkins,51,0809 Pena Green,North Jocelyntown,Colorado,17385,-53.765053,-80.5260795
Rose Livingston,20,735 Harmon Junction,Mialand,Nevada,88991,-16.601565,-48.257659
Melissa Larsen,37,50039 Sanchez Creek,New Amber,Delaware,69236,20.750446,18.240546
Jamie Schmidt,46,14780 Jessica Inlet,Walshport,Arkansas,78594,165.048487,57.682889
James Grimes,62,238 Carlos Court,South Andrew,Florida,22285,-81.250285,-7.089046
Marie Swanson,75,2687 Walker Mill Apt. 807,Crawfordberg,Michigan,28529,-111.232236,17.4254305
Karen Stewart,36,0264 Melissa Cliff Apt. 356,Allenburgh,New Mexico,88612,-170.975526,-42.0871675
Scott Burch,60,19354 Flores Points,Kellyside,Virginia,97845,-72.173452,19.948764
William Sparks,34,20624 Diane Ways Apt. 167,Peterstown,Kentucky,53427,-143.600807,7.945410
William Park,22,87247 Alexandria Place Suite 044,Port Mary,Oklahoma,33965,-134.834846,85.661811
Daniel Davis MD,20,8354 Holly Gateway Apt. 902,New Susanborough,Texas,38532,-101.623980,24.4831025
Sherri Weiss,78,454 Monica Walk,Lake Laurieville,Oklahoma,85477,-155.001757,9.2522805
Betty Turner,61,93034 Troy Village Suite 594,New Edwin,New Jersey,14806,-16.851942,-46.9651685
Lindsey Harvey,34,99592 Joseph Plaza,Lake Patrickbury,Connecticut,19265,164.298953,-62.009482
Joshua Dorsey,66,6188 Tina Shore Apt. 019,Matthewfort,Vermont,26738,-171.948005,35.7740235
Anita Costa,80,42531 Flores Inlet Apt. 604,Martinberg,North Carolina,46506,-96.332404,-20.972181
Wendy Johnson,22,156 Christine Drives,Lake Lindsay,Illinois,70182,-91.530288,36.084335
Lisa Pope,50,0512 Donaldson Center Suite 084,Port Brandon,North Dakota,05128,67.271401,-86.6867225
Sarah Gray,63,539 Darrell Locks Apt. 128,Port Robert,Wisconsin,52434,45.547833,22.428270
Penny Perkins,25,452 Sandy Gardens Apt. 428,Lucaston,Georgia,31386,0.019627,-25.184835
Robert Simpson,21,461 Kevin Spring,Davidstad,Pennsylvania,62890,95.889929,-21.594559
Kimberly Barber,20,59860 Daniel Squares,Justinland,Nebraska,78728,79.275903,27.922397
Travis Ramos,76,213 Anthony Center Apt. 657,Port Nicole,Michigan,44698,117.519136,84.1633275
Carol Noble,75,818 Nicholas Way,North Catherineburgh,Wisconsin,14071,-14.081060,81.1890355
Crystal White,61,911 Jasmine Hill Apt. 527,Blakeport,Nebraska,32779,-168.387186,-34.387556
Melissa Wall,40,274 Gomez Lodge,West Michael,Colorado,86776,115.888230,-27.7936485
Gabriella Potter,64,7762 Walters Trace Suite 375,South Todd,Alaska,04649,54.522801,39.9476855
Michael Collins,67,31188 Patricia Lodge Suite 955,Lake Matthewshire,New Mexico,05413,-102.501028,-72.370529
Bruce Weber,64,5628 Campos Isle,West Betty,Mississippi,77456,-68.220982,-29.790250
Brittney Howe,58,523 Rogers Crossroad,Charlenemouth,Georgia,98177,-88.110855,-36.0445255
Courtney Golden,29,6579 Smith Land,Tammystad,Oregon,31410,179.890718,59.546930
Jeffrey Little,78,61943 Smith Walks Suite 593,Christychester,North Dakota,71847,31.786813,60.333030
Dr. Adriana Lawson,21,83915 Justin Glens,Hallberg,Vermont,36976,100.453244,-50.2329155
Anthony Hayes,43,69596 Mark Rest Suite 268,North Russell,New York,61020,-134.987142,19.2013425
Sarah Carpenter,77,132 Herrera Plaza,Amandastad,North Carolina,71289,99.858080,-44.4316205
Gina Parks,44,047 Stephanie Crest,Davishaven,Rhode Island,03190,64.709895,46.169579
Jeffrey Garcia,63,4621 Obrien Unions,Brandonborough,Mississippi,77820,121.830868,-19.3179605
Melinda Strong,75,464 Julie Junction,Markton,Washington,08868,-37.163887,-38.0210155
William Watts,80,9885 Williams Manor Apt. 115,Cynthiaburgh,Florida,07619,-120.919769,37.5405225
Lauren Craig,20,02305 Wall Club Suite 819,Kennedyhaven,Tennessee,76453,-26.401914,25.055534
Barbara Jimenez,63,813 Saunders Squares,Kristinstad,Massachusetts,59195,-16.526792,-5.2295185
Ryan Jackson,62,44494 Clements Turnpike Suite 604,East Nicholaston,Hawaii,28276,124.946882,-0.701012
Barbara Martin,41,1926 Joshua Estates Suite 224,Port Terrance,South Dakota,13919,100.823340,-26.656320
John Schroeder,30,85333 Johnson Passage Apt. 946,Thompsonstad,Massachusetts,61995,107.495098,35.6761985
Sharon Walker,40,34588 Brooks Spur Suite 999,Tylermouth,Arizona,25671,173.303653,-17.4953955
Charles Burgess,49,25156 Steven Unions Apt. 019,Martinezstad,Tennessee,83242,134.713814,-10.777908
Craig Herrera,77,032 Daniels Lodge,Burnsside,Alabama,34780,-95.494108,10.4305475
Erica Calhoun,21,22504 Christine Pass Apt. 924,Ruthtown,Oregon,58482,-35.757685,-20.764566
Stephanie Ray,55,7339 Joel Unions,Larabury,Tennessee,25831,-143.917559,-65.278558
Aaron Anderson,66,03804 Peters Glens,Millerbury,Colorado,90051,-124.721074,89.163094
Laura Campbell,44,007 Gomez Stream Suite 520,South Kevinland,Mississippi,16556,-102.547918,-80.679002
Robert Chambers,61,4167 Serrano Forges Suite 656,Michaelstad,West Virginia,20331,-61.537355,-83.5960165
Sara Walker,73,47045 Karina Coves Suite 515,Port Amanda,Arizona,15471,-100.590558,-22.0856305
Kathryn Carter,72,7404 Katie Court,Kyleton,Missouri,54037,-16.244945,-68.069894
Donna Sims,77,7844 James Run Apt. 472,Lake Joshuaton,Oklahoma,32769,-78.599846,-80.288301
Alex Rodriguez,42,11116 Ball Mission Apt. 102,Reneeton,South Dakota,37129,-94.165472,56.714426
Tyler Perez,57,1773 Washington Ridges,Jacobshire,Massachusetts,09745,-105.332379,-29.148248
Michelle Martin,48,73709 Velasquez Parkways Suite 674,North Kristahaven,Michigan,19132,-126.740063,-19.1855705
Luke Webb,49,7412 Courtney Skyway,Langview,Florida,41100,54.079805,-5.650363
Joseph Stone,43,548 Christopher Ranch Apt. 566,Whitefurt,Arizona,47343,110.821485,69.6244315
Alexander Torres,42,834 Long Forest Suite 688,West Lance,New Hampshire,34835,22.418492,36.3586395
Kelly Dickson,61,300 Thomas Haven Apt. 573,Stonebury,Wyoming,55591,-13.953706,-28.358044
John Gallagher,18,2648 Nicole Well,Port Kimberlymouth,Vermont,52635,100.631015,11.507897
Cheryl Rodriguez,28,820 Foster Canyon Suite 330,Crystalshire,Missouri,41052,-41.932000,-56.666545
Matthew Howard,67,6281 April Ville,Rodriguezside,Michigan,63582,155.566846,-24.727647
Adam Choi,71,70314 Mendoza Forest Apt. 580,New Richardfurt,New Jersey,25494,-169.500804,21.6079515
Marissa Klein,68,3336 Joel Plain Suite 059,Sweeneychester,Maine,18868,-88.298577,-60.0529285
Jessica Garcia,46,17651 Bridges Haven,Lake Brianaburgh,New York,17681,-177.821423,37.394555
Brandon Malone,75,22073 Taylor Extension Apt. 312,Beckerview,North Carolina,92031,-124.648084,-6.488320
Michael White,72,881 Bryan Manor,West Ryanstad,Delaware,05643,14.865161,-17.874797
Ian Strickland,58,16578 Bonnie Highway,Jeremystad,Maine,45708,6.426667,-34.565924
Michael Lee,62,003 Gardner Rapids Apt. 550,West Christopher,South Carolina,80375,46.308660,29.925240
Leslie Espinoza,28,8502 Nelson Green,Jenkinsmouth,Illinois,30160,150.355053,-62.600621
Rebecca Moore,36,3346 Mark Motorway Apt. 302,North Michelle,Illinois,54894,51.008819,75.1196955
Lisa Perry,62,11808 Adam Valley,Torresfort,Louisiana,32724,-89.130195,-85.546677
William Patterson,40,61399 Connie View Suite 069,East Clifford,Arizona,40690,-60.729667,-77.636414
Meghan Griffin,38,0309 Glover Springs,North Jonathanton,Tennessee,65296,-178.379780,27.416050
Cheryl Martinez,57,249 Amy Camp,Thomasmouth,Indiana,31090,107.615443,67.8582845
Teresa Baker,59,865 Carlos Locks,West Carly,Delaware,59091,-122.934989,-62.9694975
Juan Silva,44,277 Cruz Ferry Suite 848,New Natalieside,Alabama,09203,-126.149765,-50.7470275
Douglas Williams,70,03746 Carter Mill Apt. 736,East James,Florida,01297,-109.422645,-15.3100465
John Peters,38,7473 Kathryn Spring,East Felicia,Alabama,41320,-145.750690,44.157781
Rachel Edwards,55,91486 Fleming Tunnel,Victormouth,West Virginia,97202,142.389784,62.9799745
Melissa Velasquez,28,4428 Mitchell Freeway Suite 563,Floresborough,West Virginia,35614,-98.345826,-59.239263
Emma Wilcox DDS,67,8606 Kimberly Isle,Meganmouth,Alabama,54992,-99.153446,15.8235315
Kathryn Nguyen,34,18039 Johnson Knolls Apt. 137,Lewisbury,Alaska,18986,-107.089635,32.130978
Kristina Kerr,52,46216 Smith Freeway,Kellyfurt,New York,71916,51.296833,71.363063
Kayla Hernandez,72,5364 Justin Trail Suite 010,Lake Andrewview,California,05819,-132.479641,20.7374615
Debra Roberts,77,10292 Gavin Creek Suite 320,Ericmouth,Colorado,45043,136.140150,65.6497095
Ashley Adkins,47,7849 Eric Oval,Port Matthew,Pennsylvania,16924,134.196897,-27.264812
Amy Nelson,30,3339 Hall Haven Apt. 896,Lewisborough,Ohio,77254,88.115494,-26.0136945
Blake Bryant,33,2929 Patrick Park,South Jeffport,Iowa,65096,-63.785764,18.5280115
Kayla Vaughan,45,59128 Solis Valley,Lopezburgh,Connecticut,60178,-62.881867,-56.9024835
Todd Chase,75,4262 Rush Hill,South Christinaberg,South Dakota,92600,22.119291,75.577966
Kevin Tucker,72,6208 Page Vista Apt. 194,East Karl,Oklahoma,14779,136.423633,-85.4684635
Roy Mcdonald,23,53205 Jones Mills,Lake Phillip,Florida,37220,34.353898,-57.827523
Michelle Miller,37,500 Kristin Rue,East Lindatown,Washington,52160,24.006804,35.7245745
Derrick Zamora,78,659 Smith Spring Apt. 864,Kingberg,Washington,77078,-14.688477,48.819235
Erica Hardy,21,872 Kenneth Bypass Suite 352,Port Cole,North Dakota,43737,-127.555065,-85.9094465
Beth Landry,71,3840 Emily Lodge,Port Cristianton,Iowa,80869,93.342137,-87.945025
Madison Larsen,33,65346 Montgomery Ranch Apt. 034,Walkerton,Washington,18868,-68.927814,-17.5164055
Todd Watson,45,48714 Dawn Haven Apt. 142,South Kimport,Florida,71964,125.642377,-85.747227
Ashley Miller,35,53603 Cain Glen Apt. 303,Snowstad,Alaska,70821,61.369790,78.046670
William Harrison DVM,65,77876 Ruiz Dale Suite 310,North Robert,Kansas,64261,-56.107317,4.2342725
William White,78,88850 Williams Light Suite 289,East Linda,Mississippi,43429,39.008556,55.269137
Brian Schneider,44,806 Hobbs Plains Apt. 132,East Brianport,Illinois,92396,-50.266479,23.3201765
Carmen Lynch,64,61542 Hoffman Turnpike,Taylorchester,Louisiana,21954,15.842190,-19.2816935
Kevin Thompson,79,3171 Morris Port,Bradyfort,Montana,42228,119.157217,46.9008165
Jay Coffey,74,368 Marshall Lodge,South Jacquelineton,Iowa,73898,0.036546,-42.991693
Jennifer Anderson,52,24833 Katherine Shore Suite 936,Lake Rhondaport,Rhode Island,97627,83.361816,-45.361836
Timothy Castro,47,396 Martinez Walks,Fletcherton,Wyoming,60797,-167.720095,-37.335914
Gina Warren,79,428 Thomas Cliff,Nathanborough,Wyoming,74429,-111.441330,-25.810660
William Yoder,61,0063 John Junctions,Lake Nicholasfurt,Hawaii,22534,120.931819,-89.3976285
Jeffery Allen,57,81812 Park Meadow,Johnchester,New Mexico,17504,92.002989,12.341676
Gregory Willis,22,1367 Angela Mountains,South Stephen,Delaware,27702,77.560463,44.334491
Kimberly Mullen,24,2753 Kyle Parkways,Cherylview,Georgia,86955,83.036811,59.5848665
Thomas Hogan,20,44744 Kelly Unions,New Patriciaview,Minnesota,22421,169.402898,51.748004
Sandra Moore,66,280 April Gateway Apt. 363,New Tina,Louisiana,66882,-0.656534,-83.2264845
Joseph Jones MD,66,63792 William Hill,Lake Timothyborough,Indiana,07796,-115.166670,29.471198
Tyler Kennedy,51,682 Philip Valleys Suite 988,South Kristen,North Dakota,17297,-107.653032,11.9191475
Mr. Frederick Cortez DDS,72,00508 Shawn Alley,East Donnaborough,Idaho,72394,-122.573014,-84.979344
Kenneth Rogers,56,48681 Heather Loop Suite 622,Brendabury,Oregon,03974,-159.022992,72.775823
Richard Green,50,037 Castro Green,West Richard,Iowa,63583,84.080488,32.426498
Sarah Garcia,63,5045 Robert Prairie,Reyesberg,Oklahoma,13635,123.029966,23.086645
Christopher Smith,48,697 Jeffrey Ports,Jamesville,Kentucky,22381,46.228788,-6.5510745
William Chambers,40,082 Johnson Light,West Melissahaven,Ohio,89880,-120.395973,59.1562895
Nicholas Morales,21,1496 Pamela Roads,South Davidland,Minnesota,56888,113.020455,-3.552473
Charles Johnson,32,709 Lisa Tunnel,Maldonadoburgh,Rhode Island,67846,-141.853077,47.1928365
Kayla Gilbert,31,93863 Sara Forges,Jamesville,Michigan,33729,-142.789329,-19.101226
Linda Wright,58,180 Elliott Mountain,Thomasfurt,Pennsylvania,03104,-10.321628,-86.9994865
Gregory Thompson,38,0778 Martin Corner Apt. 681,Torresmouth,Alabama,06492,81.917620,-67.9346515
Kim Nash,57,8927 Robert Extensions,Henryberg,New Hampshire,96029,154.373842,-13.416182
Brooke Kline,25,2593 Shaw Ports Apt. 646,North Vickie,New Hampshire,83830,-7.442400,-8.021536
Alex Parrish,64,1321 Thomas Springs,West Valerie,Vermont,23304,-143.998559,-25.922675
Monique Flynn DDS,30,7073 Glover Port Suite 688,Port Nicolehaven,Utah,42037,-163.953368,-9.478094
Jose Mendez,51,072 Spencer Well,South Joshuaside,Hawaii,61064,80.680978,63.653719
Megan Nelson,67,484 Snyder Stravenue,Craigfort,Connecticut,15629,100.462770,10.6320035
Austin Morgan,45,2632 Patterson Parkways Apt. 593,Margaretmouth,Arizona,60759,43.447952,-83.399027
Mary Henderson,56,4307 Emily Harbor,Dayhaven,Wyoming,65448,7.934318,-66.639537
Paul Valdez,68,916 Wright Glen Suite 197,West Antonio,Illinois,20084,-131.052077,-49.605933
Jason Tran,36,334 Taylor Glens Suite 109,Walkertown,Delaware,08846,-135.458044,-70.966882
Donna Dean,68,8557 Grant Dale Suite 431,Port Christopherland,Maine,94952,176.427740,-69.3559805
Donald Raymond,55,14506 Christopher Mountains Apt. 724,Port Matthew,Vermont,13089,13.876014,27.6119385
Gerald Jennings,36,8651 Shawn Shoals Suite 867,Annahaven,Arizona,75028,-20.570113,-37.0959195
Stephanie Duncan,80,3541 Schwartz Key Suite 717,Port Franklin,Illinois,56010,89.305296,-20.624379
Nichole Garcia,44,43632 Michael Plaza,East Tracy,Minnesota,47376,-125.706604,-58.209653
Amber Johnson,45,68081 Contreras Roads,Lake Ashley,Alabama,84031,-159.265034,-65.4954715
Brittany Avila,34,5446 Raymond Village,Johnsonshire,Connecticut,21513,-163.905057,-21.621719
Rhonda Morris,26,8034 Crawford Field,Ryanside,Connecticut,06753,98.977814,-38.690402
Daniel Boyle,63,9393 Linda Plaza,Harringtonborough,Alaska,65665,-85.588382,75.1946275
Benjamin Harris,19,00073 Jones Locks,New Carolberg,New York,77409,-144.983947,-9.496722
Dwayne Nelson,39,7074 Decker Stravenue Suite 810,Grosstown,North Carolina,69423,-133.525953,-51.2241855
Robert Murphy,24,588 Rice Garden Suite 544,West Ericachester,South Carolina,51588,126.115404,-42.982300
Scott Wiley,78,04897 Savannah Divide Apt. 325,Ortizton,Nebraska,30495,130.556735,-47.0776715
Kimberly Blake,62,957 Scott Square Suite 670,Port Justinside,Massachusetts,58599,-130.219495,44.4268315
Charles Johns,33,263 Beltran Mission Suite 725,New Stephen,Iowa,01653,35.161793,9.8899175
Craig Holt,66,244 Donald Turnpike Suite 973,New Cameronstad,Massachusetts,23146,-31.950553,-29.706027
Christopher Johnson,69,4800 Vasquez Well Suite 489,Lake Kimberlyfurt,Mississippi,52907,-85.478747,0.177018
Dominic Clayton,42,46080 Kimberly Underpass Apt. 691,Hobbsborough,Oklahoma,35750,5.456803,-38.538104
Heather Avila,21,7598 Todd Land,Nathanieltown,Oklahoma,32334,-174.595251,-0.8763715
Megan Johnson,61,7160 Nash Loop Suite 802,Alanport,Oklahoma,70025,-83.130417,52.1468695
Patricia Miller,57,80048 Adam Junction Apt. 268,Gallegosmouth,Minnesota,77885,-22.750163,-41.205280
Olivia Mills,27,9939 Meghan Brook,Benderburgh,Maine,00875,-3.848303,-45.8163185
Jeremy Meyer,18,981 Christina Fall Apt. 813,East Brendamouth,South Carolina,37114,-136.275959,11.378898
Bethany Dougherty,66,514 James Lodge Suite 278,West Bettyfort,Tennessee,69585,65.307164,44.1347055
Angela Hudson,46,75232 Andrew Plains,South John,Colorado,92430,133.285217,54.4870525
Joann King,37,845 Swanson Extensions,West Thomasfurt,Kansas,92344,-24.695666,54.163862
Scott Hernandez,69,9203 Jeffrey Island,Parkerhaven,Texas,80664,-36.669991,53.451892
Nichole Lopez,43,188 Kristen Forks,South Bryce,North Carolina,82411,-111.253875,14.631080
James James,72,25117 Chelsea Run,New Matthewmouth,Arizona,59447,-55.818758,-80.913468
Lauren Warren,21,403 Derek Ways,Millerfort,Missouri,49953,88.037679,35.265763
Brendan Montgomery,21,1021 Aguilar Tunnel,Kimton,Maine,04958,153.206450,87.3801755
Amy Lopez,38,1106 Haley Parkway,Wilsonland,Iowa,62354,-23.655852,-36.362884
Henry Taylor,53,490 Mcmahon Creek,Mackland,Nevada,11302,19.368198,-80.7831295
Melissa Jones,27,6365 Daniel Pike,Port Walterhaven,North Carolina,08897,-45.752005,89.8280955
Peter Pollard,76,56338 Christine Burgs Suite 360,Schneiderland,Arkansas,03490,-172.279778,-27.659979
Nathan Fowler,79,601 Hall Villages Suite 567,Stevenmouth,Pennsylvania,49760,-149.248531,37.6501155
Richard Dean,18,907 Patrick Bypass,Reedmouth,Rhode Island,41068,-177.213956,53.0363325
Lisa Mason,60,624 Dominguez Crescent,North Jamesbury,Massachusetts,54418,-116.506949,-25.909523
David Singh,75,161 Nathaniel Summit Suite 884,North Jessicachester,New York,17926,41.116108,-60.920015
Patrick Johnson,34,490 Zimmerman Vista Apt. 728,Vaughnside,South Dakota,20106,169.419739,34.485414
Jesse Gardner,71,4682 Guzman Pike,Annshire,Wisconsin,06054,-86.570149,67.3616335
Paul Hunt,53,504 Ronald Vista Suite 670,Kennedyfort,Maine,42495,-127.205728,67.5775955
Amanda Richardson,40,107 Gary Ferry Suite 771,Lake Amandabury,Alaska,51313,163.615962,8.4926395
William Montgomery,38,828 Kelley Meadows Suite 202,West Bonnie,Kansas,48250,-153.264574,4.824294
Olivia Bernard,36,8798 Garcia Oval,North Sydneymouth,Michigan,98441,95.659937,80.6357115
Michele Rogers,52,1870 Edwards Summit Suite 500,Jesseshire,Rhode Island,25648,-130.503124,-51.6117715
Vanessa Black,44,2852 Malone Plains,New Krystal,California,31933,-115.910759,63.9483325
Adrian Gordon,45,9546 Roman Glen,South Rachelmouth,Illinois,63945,-178.660676,-77.2339025
John Doyle,50,615 Margaret Terrace Apt. 481,West Jerryborough,South Carolina,47631,32.036385,-33.3789235
Misty Garcia,58,0557 Richard Tunnel Apt. 734,Gibsonmouth,Mississippi,94329,-172.588350,-69.8460665
Brandi West,69,476 Natalie Manor,Pereztown,Iowa,50598,-128.334293,35.0774455
Alicia Cruz,51,84266 Phillips Gardens Apt. 662,Melindaport,Virginia,13127,-179.602243,-61.6747365
Molly Carter,66,83524 Ferguson Common Apt. 631,East Martin,New Mexico,79937,-6.704652,51.196027
Whitney Rice,23,08577 Terri Freeway Apt. 463,Longland,Alaska,28292,-20.845320,-35.7051695
Steven Edwards,65,61515 Silva Road,New Amandaville,Wyoming,97931,21.762593,70.2526965
Emma Ward,36,55705 Moyer Ranch,Munozberg,New Mexico,75386,11.793586,-73.200995
Matthew Parker,73,263 Larry Ranch Suite 316,Samuelmouth,Montana,20670,-84.500900,59.206631
Brian Mullins,67,819 Black Pines Apt. 228,Guerrerostad,Arizona,85570,61.433963,25.015139
Dr. Nicholas Benjamin,62,1127 Timothy Corner Apt. 864,Elijahbury,Iowa,89211,111.870813,6.867450
Charles Rhodes,61,27316 Megan Manor,North Williamview,Mississippi,56359,-107.997184,-84.038397
Roy Wilson,73,467 Martinez Via Apt. 688,Perezview,Wisconsin,86154,-7.641571,-18.3808635
Thomas Garcia,64,996 Rachel Loaf,New Barbara,Arizona,60436,-127.653843,1.545859
Pamela Campbell,61,8523 Aaron Cliff,South Jordan,Indiana,58149,140.699733,46.347515
Deborah Rodriguez,50,24173 Logan Run Apt. 960,Joseport,Washington,36017,-126.647496,-11.325017
Nicole Johnson,52,41195 Deanna Landing Suite 871,West Craig,Hawaii,47643,-123.907603,24.7818015
Kayla Mccoy,80,19809 Kyle Harbors Apt. 482,Gutierrezstad,South Dakota,00558,-5.387436,-30.4035935
Melanie Jones,30,309 Hayes Key Suite 963,West John,New Jersey,24601,120.128527,51.5239105
Kirsten Lee,35,4166 Mark Rapid,North Laurenview,Idaho,37987,90.332026,-23.326545
James Richardson,56,5522 Karen Rest,East Colin,West Virginia,38884,47.377012,-40.252938
Shannon Walton,80,9986 Jacob Skyway,Leeland,South Dakota,53029,169.966882,79.720745
John Pollard,44,936 Walker Lodge Suite 555,Doughertymouth,Georgia,47646,-173.666191,-24.7390085
Dennis Robinson,62,42243 Brandon Manors Suite 796,New Taylorview,Oregon,52839,160.111009,-59.6636795
William Gonzalez,22,66145 Miller Fork Apt. 216,Simmonsport,Delaware,71981,-151.740050,-57.7184425
Jessica White,38,0836 Kurt Bypass,East Sharonmouth,California,59174,-105.295439,-6.536822
Matthew Kennedy,76,85575 Johnson Summit,West Tarahaven,South Dakota,51747,158.745563,51.777927
Christina Garza,38,3482 Sean Spur,Manuelmouth,New Mexico,90295,-92.605603,6.928681
Michael Edwards,55,520 Corey Stravenue,Lake Jamieburgh,Montana,30249,162.426790,-80.1338675
Lauren Mcintyre,46,3936 Melanie Walk,South Kathryn,Wisconsin,36205,-119.702554,-32.940463
Erin Levine,46,9668 Jordan Mountain,Rojasmouth,Maine,92089,-153.305877,-89.107288
Crystal Garcia,68,402 Paul Manors Suite 466,Henrymouth,Massachusetts,96732,132.809281,-58.897848
Dennis Olsen,66,176 Lee Greens Apt. 857,West Adamview,North Dakota,33629,118.758000,-86.7804545
Andrew Haas,75,361 Thomas Points,Josechester,Illinois,64759,170.090208,-26.735499
Christine Kennedy,68,343 Emily Turnpike Apt. 691,Collinsfort,Indiana,04803,94.169900,41.030646
Jeffrey Kelly,23,85746 Kevin Bridge Suite 946,East Mark,Delaware,80855,-13.219892,61.1035485
Thomas Palmer,72,2792 Lisa Club Suite 107,West Susanhaven,Idaho,44009,7.574668,-38.3085715
Phillip Mcgee,25,194 Deborah Common Apt. 263,Rebeccaville,Alaska,05370,-164.679824,44.8948855
Jeremy Benjamin,32,00187 Kristin Locks Suite 938,New Rhondaville,Nebraska,25335,157.693839,-9.6875815
Teresa Stanley,27,51469 Samuel Cove Suite 791,Huffmanhaven,Massachusetts,11021,58.782189,74.7452155
Christopher Peters,36,23906 Gary Roads Suite 840,East John,Maryland,17043,-60.044354,86.7384235
Robin Garcia,44,70286 Howell Motorway Suite 159,Justinmouth,Arkansas,98373,-56.175641,-44.289293
Jennifer Nielsen,77,8855 Nicholas Squares Suite 389,Lake Chase,New York,38461,132.891815,4.7921595
Heather Krause,58,9817 Thomas Skyway,East Matthew,Illinois,74523,179.680835,-71.9841905
Dr. Peter Smith,74,0492 Andersen Light Suite 162,Brandonland,Alabama,14659,144.280115,-55.3521365
Carolyn Robertson,40,04503 Tyler Lakes,East Annafurt,Michigan,61782,177.659906,72.6543445
David Wilson,47,02639 Andrew Port,South Mark,Colorado,80747,-62.949811,65.6660115
Annette Mccarthy,35,85592 Scott Streets Apt. 069,South Madison,Louisiana,34449,-38.223579,-51.8924315
Lucas Ray,39,431 Robinson Mountain,Halltown,Illinois,03156,-152.801805,13.9568385
Dr. Darren Juarez,44,6598 James Rue Apt. 184,Michaelshire,Montana,56437,24.373359,-1.988541
Yvonne Ponce,34,796 Shelia Lock,Johnsonside,Georgia,47426,90.071421,-74.912025
Ricardo Wagner,45,9489 Jason Grove Suite 921,Clarkhaven,Oklahoma,18089,175.651513,1.8751635
Joel Rivas,65,7211 Teresa Squares,Greenberg,South Carolina,81249,-166.027433,13.206352
Kevin Martinez,62,3440 Williams Neck,Grantchester,Florida,78913,162.825975,70.8617355
Whitney Alvarez,52,7084 Ryan Turnpike Suite 443,West Lisa,Nevada,66782,142.061009,-13.3393505
Jeremy Henry,29,35689 Amy Radial Suite 474,South Mike,Nevada,18413,47.942974,-54.4978025
Troy Martin,29,159 Connie Center Apt. 505,Travismouth,West Virginia,57480,119.627111,6.485002
Tracy Gutierrez,19,091 Patricia Roads Suite 053,North Joshuafort,South Carolina,95633,-81.580715,26.7739925
Vincent Wilson,65,5940 Christian Plaza Suite 003,East Jesse,Maine,73336,63.318667,-79.4332525
Dylan Boyd,53,2847 Daryl Dale Apt. 804,Lisashire,Louisiana,03019,-35.184480,-44.682875
Jeremy Acosta,72,098 Andrade Grove,Blackmouth,Georgia,91994,120.120707,27.823564
Carl Fry,30,940 Robert Junctions Suite 164,South Aarontown,South Dakota,51234,26.083208,-22.1025335
Jacob Orozco,77,77206 Thomas Gateway,Lake Davidbury,Georgia,54164,-170.163010,85.608743
Allison Rodriguez,24,60242 Rivera Parkway,Jasontown,Missouri,12118,153.607203,48.8399525
Austin Mcclain,64,63606 Melissa Court,Geraldberg,California,77206,163.460439,40.792754
Kelly Allen,40,28281 Smith Courts,Port Michelle,Kentucky,79776,92.319439,51.338843
Melissa Flowers,35,182 Roger Gardens,Craigmouth,Louisiana,67984,-75.321921,61.3457525
Charles Conway,18,24976 Patrick Dale Suite 301,Cranehaven,South Carolina,27898,152.031036,68.6771065
Colin House,75,026 Diaz Hollow Suite 646,Dixonmouth,Texas,05871,-151.642296,-63.8286955
Lisa Powell,54,1284 Jessica Ways Apt. 127,New Wendy,Kansas,12812,8.771507,-12.577675
Diane Hoffman,54,7657 Carolyn Stream,Mathewsstad,Idaho,82725,178.934781,-68.790528
Jeremy Holden,73,3708 Brittney Orchard Apt. 966,Port Jason,Florida,43676,-161.640315,32.230229
Alicia Bishop MD,72,3896 Wood Mission Apt. 931,Matthewside,Connecticut,31728,-172.874292,-51.514532
Jessica Anderson,68,97217 Scott Drive Suite 307,West Elizabethberg,Utah,84909,50.691836,-74.6498245
Jacqueline Rhodes MD,73,14420 Kevin Cliff,West Christine,Wyoming,36406,-114.678518,-2.335316
Frank Fernandez,50,27359 Sanders Divide,Zacharychester,Kansas,51238,-131.850340,-15.5495405
Carmen Hernandez,47,3810 Mary Islands Suite 425,Jonathanstad,Pennsylvania,50971,-175.793560,26.797689
Lori Smith,63,67159 Jeffrey Lake,South Janet,Minnesota,57308,179.522290,43.112526
Julian Ramos,40,8387 Leonard Mission Suite 867,Mcguireburgh,South Carolina,75291,149.818638,26.1358725
Matthew Murphy,31,896 Morales Island Apt. 949,Yatesland,Oregon,65585,-145.030090,5.251383
Ashley Holt,62,0013 Byrd Tunnel,Stokesfurt,Louisiana,53167,89.354650,43.2385335
John James,37,7098 Jacqueline Cliffs,Perrybury,Virginia,39944,119.583012,-31.7517995
Jose Martin,19,788 Elizabeth Landing,Gutierrezfurt,New York,68996,-140.939753,-82.1406315
Jessica Mcdowell,58,374 Francisco Burgs Apt. 603,Jonesburgh,Texas,71527,14.206415,-72.2493365
Brooke Fitzpatrick,24,1156 Larry Summit Suite 615,North Kevinview,Arkansas,36768,-69.128931,84.020695
Jose Roberts,54,91263 Parsons Stravenue,Lake Heather,Wisconsin,27993,-19.079845,-11.375559
Heidi Murray,75,2067 Richard Hill Suite 732,West Maryshire,California,39431,99.193985,-5.7271905
Brent West,61,48833 Shelton Rest,South Jennifermouth,Maryland,02734,-88.854156,-39.531766
William Hernandez,69,0147 Paul Knoll,Kaufmanstad,Hawaii,84250,92.816157,36.6119395
Brent Smith,22,0173 Zamora Shore,Muellerport,Virginia,70772,-96.637674,-23.519037
Eric Riggs,76,95724 Johnson Locks Apt. 597,Richardland,Oklahoma,88571,-7.147622,-19.957363
Lisa Smith,50,5693 Debra Flats,Lake Stephen,Kansas,01648,108.363363,39.3923005
Joseph Savage,60,49056 Harper Ways,West Charles,Massachusetts,15760,-92.194743,43.0900085
Jennifer Martinez,64,1893 Christopher Falls Apt. 711,South Erin,Delaware,81492,-78.365292,59.063876
Aaron Smith,22,51828 Allison Forge Suite 028,Bakermouth,Connecticut,92473,22.675402,-62.289591
Taylor Haynes,36,556 King Rue,Lake Kathleenville,Michigan,28318,9.867516,-78.9208615
Barbara Skinner,52,806 Williams Heights Apt. 636,New John,Mississippi,39813,-150.042595,-47.3664635
Mr. Justin Morgan,62,400 Garcia Valley Apt. 238,North Amanda,Texas,35451,114.152907,-49.935084
Kayla Chambers,34,252 James Roads Suite 425,New Calebberg,Nebraska,20054,141.694945,84.251117
Robert Young,62,686 Thompson Meadows,South Shawnberg,New Mexico,26149,-39.654816,41.418524
Tyler Baker,22,9622 Castro Underpass Apt. 920,Woodsberg,Montana,11967,62.081926,-13.8311155
Mia Cherry,49,1085 Matthew Hill Apt. 634,Davidport,South Dakota,71639,155.159140,-37.807162
Jeffrey Garcia,38,4968 Katherine Villages,South Scottberg,Massachusetts,11725,-25.307686,35.4809115
Nicole Tyler,38,587 Romero Ford Apt. 648,Angelicaport,Alaska,32255,-101.816508,-65.085016
Lisa Stephenson,28,48105 Wang Spring,North Christopher,Alabama,67667,-124.892776,1.523811
Mary Castillo,74,0162 Stevens Club Suite 914,North Christopherville,Oregon,43129,137.923996,13.2909925
Mark Kelley,58,1634 Banks Mountains Apt. 860,East Loriview,Kentucky,36076,-66.925569,2.3377455
Phillip Perez,38,13769 Tammy Cliff Apt. 553,West Jessicaburgh,Missouri,81691,-170.503250,-13.7027345
Dillon Wagner,40,834 Troy Glen Suite 652,Port Thomasborough,New Hampshire,03775,-177.591505,-81.0682045
Michael Moran,69,899 Lara Shoal,Michaelfurt,South Dakota,26273,125.312785,-76.0058215
David Nguyen Jr.,25,69769 Stephanie Extensions Apt. 104,Saraton,Oregon,73682,-108.039507,62.8899705
Matthew Franco,42,35363 Robert Shore,Lewiston,Virginia,61822,100.530499,-82.518250
Rebecca Ingram,71,56660 Isaiah Course,Nolanstad,Illinois,11200,39.415143,40.783427
Karen Day,21,68006 Murray Drives,Port Meganmouth,Florida,57220,-118.595894,81.940696
Mr. Austin Davis,25,427 Samantha Ferry,North Monica,Washington,03363,-144.909582,-86.603941
Kylie Murphy,52,165 Denise Tunnel,New Jamesshire,Maryland,09363,-40.304418,45.5532995
Michael Horn,23,995 Kathleen Fields Suite 116,Sharontown,Vermont,96399,-151.654480,-20.8123805
Jessica Watson,62,86185 Navarro Spring,North Theresa,Mississippi,05720,-149.847518,-50.600505
Alexis Finley,58,64284 Middleton Plain Apt. 458,Brianbury,Indiana,86155,14.346918,-34.086097
Devin Jones,71,961 Lucas Cove Suite 551,North Patrickshire,Oregon,91164,-46.762021,81.183492
Robert Russell,61,9041 Shaun Track Suite 574,East Cindy,Ohio,76062,-104.835999,42.5328545
Larry Kennedy,53,132 Steven Ridge Suite 025,West Jordanside,Wisconsin,50237,89.809630,-84.6524095
Derrick Meyer,78,83015 Carter Shore Apt. 027,Banksmouth,Oklahoma,52071,-108.125219,25.9157195
Holly Ortiz,34,542 Aaron Harbors,Smithstad,Missouri,89285,-152.672835,2.3013475
Jesus Tucker,32,553 Cortez Corner Apt. 741,East Krystalview,New Mexico,52413,88.507317,-16.6306965
Melissa Hall,70,99433 Bailey Plaza Apt. 328,Annettestad,New York,11070,24.821428,-32.1937245
Michele Briggs,54,2866 David Hollow,Elizabethville,Wyoming,42975,-92.670027,-14.0819375
Kathleen Donovan,34,417 Edward Fork,Burkeport,Minnesota,11527,-0.789752,17.162596
Charles Walker,73,407 Robin Mission Apt. 498,Teresafurt,Oregon,35947,92.700772,57.2294855
Alexis Anderson,18,46500 Julie Locks,Jacquelineville,Virginia,50111,118.823913,-49.108643
Mrs. Jody Wilkinson,24,75702 Rivera Circles Apt. 379,Phillipborough,New York,59903,45.775369,-40.5717095
Joan Parker,42,86361 Alexander Parkway Apt. 827,Frankshire,South Dakota,43616,125.280847,-23.0881165
Kimberly Richardson,59,649 Patterson Summit,Gonzalezview,Utah,82540,62.454528,-30.1451585
Matthew Bennett DDS,18,23369 Johnson Station Apt. 424,Port Danielletown,Oklahoma,50472,-80.257504,-64.0926745
Joseph Harris,24,63260 Bonnie Street Suite 292,Port Melvinfort,South Carolina,62196,-131.003809,74.3866125
Victor Patterson,64,91339 Andrew Gardens Apt. 335,West Alicia,West Virginia,06381,101.852027,40.6782265
William Young,66,57999 Katie Tunnel,Aimeeberg,Hawaii,20811,16.341095,6.8458215
Laura Contreras,61,775 Smith Path Suite 428,Tannerside,Louisiana,35119,127.578788,11.907714
Eric Hale,68,1920 Jenkins Hollow,Heatherhaven,Iowa,37794,111.837102,-67.497920
Alan Cummings,27,46234 Jason Spring,Freemanshire,Oklahoma,57577,-55.313869,18.9882525
Johnny Fowler,79,0083 Collier Street Apt. 435,Theresaview,Wisconsin,45078,167.780392,55.517014
Christine Bryant,65,91470 Beth Ranch,Saramouth,Minnesota,39679,-96.823715,-3.295821
Brandon Berry,38,240 Hill Flats,Rileytown,Idaho,37341,-6.244644,-21.340966
Michelle Hoffman,72,1954 Franco Vista,Burkeville,New Hampshire,22849,25.576774,86.371396
Paige James,63,389 Archer Square,Port Waynetown,Pennsylvania,03623,-4.603628,-38.804918
Sherry Gallegos,18,63442 Erika Pine Suite 915,Rhondaborough,Ohio,06478,66.338860,34.7337715
Paul Rowe,50,83600 Linda Oval Suite 776,Henryport,Washington,24437,158.757742,0.8461875
Eric Malone,61,116 David Fall Apt. 067,Cowanland,Washington,54399,41.305617,66.676825
Amy Bullock,45,18125 Kristin Villages,Karenview,South Dakota,37459,165.264007,29.467835
Dr. Eric Gonzalez,60,101 Sean Via,South Cynthiaview,Pennsylvania,07410,-67.671428,2.0458965
Kristina Sullivan,19,378 James Path Apt. 666,Brandonborough,New Jersey,93162,173.433281,18.0636805
Ruth Dickson,56,014 Patrick Tunnel,Garciaview,South Dakota,52100,-170.982095,-70.069039
Lisa Martin,24,767 Michelle Locks,Jonesland,Ohio,82397,-76.920809,-21.3291825
Alec Baird,58,1079 Ashley Mountains Suite 024,North Billyburgh,South Carolina,49920,89.447939,-68.034312
Michael Walker,40,21078 Luke Village Apt. 438,North Brianland,Texas,96973,-101.172798,19.038049
Phillip Rodriguez,62,96806 Max Forge Apt. 185,Brendaport,Nebraska,14503,134.159886,-26.1590855
Luis Andrews,75,1831 Jose Vista Apt. 689,Port Kevinmouth,Ohio,68712,-169.620360,-14.382289
Stacy Rogers,62,347 Kyle Throughway Apt. 043,North Michelleberg,New Jersey,49690,-117.835177,-78.934818
Jose Parks,56,67512 Nathan Turnpike Suite 530,West Julie,Massachusetts,67601,-152.726090,16.446872
Jennifer Tyler,69,506 Curtis Knolls Apt. 278,New Christopher,Kansas,84168,103.232636,52.9402635
Mrs. Stephanie Matthews,30,976 Andrea Overpass,Port Staceyhaven,Arizona,43308,-63.709222,50.916584
Walter Johnson,22,92031 Walsh Drive,Jaredfurt,Minnesota,92588,115.457190,89.8013415
Jennifer Thomas,50,9141 Billy Spurs Suite 402,Smithberg,New Jersey,51636,148.606438,34.288800
Lauren Craig,79,4773 Joe Gateway Suite 186,North Gary,Texas,81373,-88.956268,-25.4370175
Claudia Rivers,33,311 Martin Drive,Morenostad,Washington,45467,-121.972963,80.3228015
Jason Vega,42,27089 Young Lane Apt. 295,Lake Brian,South Dakota,73931,25.010514,70.4258385
Jonathan Hill,61,6111 Willie Stream,Duncantown,Wisconsin,94468,3.661749,21.5995665
Lisa Walker,62,396 King Shore,Hancocktown,South Carolina,93599,-125.860085,-6.789238
Ariana Brooks,39,2103 Chris Inlet Suite 070,North Joshuashire,West Virginia,65964,-146.725803,19.876546
Priscilla Baker,60,89884 Acosta Pike Apt. 469,Alexachester,North Carolina,25119,149.990325,23.7878555
Ann Joyce,45,7611 Timothy Turnpike,Ellisonport,California,22534,70.211043,-63.6460215
Mark Miller,33,4660 Greg Divide,Reeseborough,Missouri,83706,-42.532130,-36.332628
David Hernandez,55,5133 Scott Highway,Smithville,North Dakota,11219,82.720631,34.639719
Adam Rodriguez,41,984 Huff Mount Apt. 053,South Roberttown,Georgia,01964,-48.277089,3.186560
Kristen Olson,74,194 Theresa Ford Apt. 275,Raymondmouth,Indiana,43860,72.051182,43.681717
Elizabeth Mills,46,12608 Julie Village Apt. 007,Barbaraport,California,47798,-42.713574,-41.320391
Christopher Jimenez,29,753 Christopher Grove Apt. 812,South Kimberly,Missouri,13581,174.159618,52.4784435
Rachel Jennings,57,3647 Huerta Lodge Suite 965,Allisonview,Louisiana,44827,121.670754,88.6118935
Kelly Wallace,18,433 Jennifer Walks Apt. 864,Bakerport,Montana,91771,73.757105,46.0400315
Eric Brown,22,69839 David Roads,New Benjaminshire,Arkansas,96752,-93.359997,-34.477747
Mary Holmes,53,64537 Mills Course,Davidland,California,53517,-157.359465,-1.5263785
Michelle Ochoa,69,07714 Michaela Mission Apt. 624,South Tonyaview,West Virginia,69835,-164.384078,-17.2275235
Tracey Bryant,41,17062 Cardenas Walk,West Andresburgh,Iowa,52833,121.825399,-20.7402735
Nichole Smith,22,70624 Michele Extension Suite 728,South Peter,Connecticut,66864,-41.660566,11.061603
Lisa Mejia,66,8937 Davis Hills Suite 875,East Joseph,Minnesota,03876,91.214179,-14.7713665
Kenneth Young,75,82418 Thomas Cliff,South Carol,Virginia,94683,92.255187,15.502546
Rachel Berg,56,33584 Dickerson Avenue,West Michele,Illinois,02462,11.333321,-76.783843
Scott Guerrero,33,472 Taylor Ridges Suite 762,Rodriguezside,Alaska,72275,-66.252414,57.4083415
Jennifer Howard,55,310 Ruben Street,West Lorraine,Washington,84501,62.547816,19.2438095
Lauren Herrera,80,67955 Jessica Keys Suite 219,Dawnshire,Illinois,17955,179.297408,-7.3721145
Penny Johnson,38,6940 Jimmy Run,Lake Anthony,Utah,16600,-100.950065,-17.427357
Brianna Parker DDS,69,233 Tommy Unions Apt. 911,New Ryanborough,Nebraska,94994,-43.637249,-85.434799
Jose Randall,65,596 Brady Trail,Lake Sandraview,Delaware,63595,-36.958350,56.625333
Kristie Vega,20,399 Ralph Extension Apt. 538,Middletonview,Ohio,70864,40.602476,4.443928
Mary Cochran,33,2409 Beard Burgs,Knapphaven,North Dakota,58630,-119.692289,89.9107825
Debra Walker,36,49110 Christopher Fields,South Renee,Alabama,71519,-152.421777,-26.572138
Pamela Jones,64,0293 Ramirez Center Suite 394,New Sarahborough,Kansas,35075,-68.700180,11.572972
Brandon Adams,25,019 Johnathan Falls Suite 683,North Terri,Alaska,15119,42.419801,-45.0730195
Jose Turner,30,38003 Meghan Locks,Sloanside,Kentucky,22244,74.178164,-77.7416925
Tracey George,29,1574 Kenneth Ridges Suite 215,Brooksburgh,Washington,99680,148.729124,59.727573
Ronald White,25,67294 Koch Streets Apt. 289,Leslieberg,Connecticut,56731,-163.900293,89.8618715
Jeffery Thornton,43,1658 Wang Way,Grantburgh,Kansas,36160,-30.202663,-21.4278455
Jason Ho,61,66831 White Pass,Angelicaton,Missouri,96714,41.005560,-74.9725535
Mr. Michael Montoya DDS,50,293 Teresa Rapids Suite 133,Smithchester,Wyoming,38891,94.779591,-0.756808
Thomas Jordan,65,0747 Anderson Manor,Lake Dylan,New Hampshire,31085,-90.113123,-10.9600335
Adam Howard,32,007 Laura Manor,Rogersville,Nevada,69570,8.728577,-66.2771705
Ms. Taylor Lewis,28,9311 Watson Crest,New Rickey,New York,38992,-31.515364,37.158469
Melody Mckenzie,70,14106 Jessica Walks Apt. 911,Lake Nancy,Maine,91412,17.743542,38.045034
Vanessa Richard,50,360 Martin Mountain,Mollybury,Nevada,27749,77.552558,-33.144128
Gina Haas,71,1993 Stephen Lane Suite 024,East Sydneyborough,Michigan,47780,-122.341021,21.0063765
Robert Davis,55,8308 Sean Plaza Apt. 321,Wrightmouth,Kansas,94125,-155.226979,61.0583295
Peter Montgomery,79,2352 Powell Causeway,East Carlos,North Dakota,75555,16.797500,26.3029965
Allison Romero,58,370 Richard Forge Suite 598,New Dennismouth,Missouri,54005,37.419240,-59.103262
Todd Johnson,40,53980 Johnson Grove Suite 930,North Benjaminburgh,Vermont,91648,-132.127885,23.806205
Nicole Brewer PhD,72,5307 Cathy Squares,Elizabethside,Rhode Island,09594,8.445338,-29.8649295
Mrs. Stacey Dean,56,2464 Alvarez Row,Jasonburgh,Wyoming,94062,49.241218,-14.610656
Joe Pineda,73,193 Hughes Vista Suite 453,Lake Walterberg,Colorado,62990,14.860926,40.763845
Jillian Chan,45,64731 Monica Crossroad Apt. 605,Delgadostad,California,73707,74.575141,88.4577395
Barbara Rodriguez,66,03124 Romero Trace,West Stefaniemouth,New York,17236,37.258291,49.603966
John Melton,41,983 Tanya Passage,West Dustin,Oklahoma,64569,163.155081,83.4697465
Matthew Evans,64,02617 Ritter Drive,Staffordhaven,New Hampshire,82084,-147.625661,31.110317
Jason Rodriguez,33,43448 Burnett Tunnel,New Joshua,Alabama,93501,-87.049388,89.2304375
Kendra Garcia,60,576 Jonathan Ville Apt. 770,Burchport,Virginia,45659,104.652620,-51.3839205
Ryan Friedman,18,295 Natalie Extensions Apt. 348,West Melissa,Iowa,11452,57.071711,-88.4901355
Todd Cox,57,27339 Ashley Mountains Apt. 427,Mcculloughborough,Connecticut,58967,27.214962,20.333811
Samantha Dean,68,585 Todd Ports Apt. 085,Jerryhaven,Kentucky,32821,33.759262,36.218506
Brian Carr,24,61664 Jeffrey Tunnel Apt. 413,North Colin,Maryland,74609,85.411969,-55.0128365
Judy Freeman,32,9659 Morris Curve Apt. 396,Burtonview,Florida,30147,103.806283,71.8119325
Monica Freeman,31,4804 Joseph Corner,New Alisha,South Dakota,15919,162.461607,42.3942415
Jerry Cox,80,2749 Danny Neck,North Tonya,South Carolina,71635,-23.895832,-37.519823
Jonathan Johnson,51,09198 Allison Fields,North Daniel,Georgia,83752,171.607261,-85.295641
Walter Baker,58,8792 Harold Row,New Justinstad,New Hampshire,00690,-79.438195,-44.179689
Laura Church,20,322 Christopher Ports Apt. 250,Port Erin,South Dakota,10549,-135.612546,-9.238816
Joseph Mccarty,70,56377 Gonzalez Plaza,North Lindsayport,Nebraska,80609,174.197226,45.000860
Jordan Shaw,47,247 Reed Park,North Randymouth,Wisconsin,48338,-35.493599,7.2517445
Sherry Gonzalez,23,33422 Erin Station,Josephland,Michigan,54064,-165.221814,-43.8335465
Kelly Martinez,75,9828 Olson Squares Suite 293,North Donna,Wyoming,61572,-0.083414,-23.558220
Thomas Warren,24,843 Rodriguez Bridge,Lake Robertton,Alabama,51692,-42.138478,13.0169005
Micheal Wallace,31,3215 Garcia Road,Adkinsview,Arkansas,09524,-124.952263,19.6108455
Julia Johnson,55,41119 Edward Light Apt. 363,Chadville,Hawaii,41828,19.415502,53.906804
Jason Owens,50,01395 Novak Lights,Rebeccamouth,Michigan,25517,34.745444,-41.1647915
Sarah Jackson,56,12218 Davidson Pass,Kennethhaven,Arkansas,50860,-120.313646,24.4066875
Beth Robinson,72,01939 Barrett Parks Apt. 609,Morrisonside,Illinois,07208,150.145953,54.886998
Jessica Wilson,19,201 Cassandra Port Suite 268,Charlesside,South Dakota,61969,-15.546903,62.5882585
Miss Cynthia Velasquez,20,909 Katie Ford Suite 990,West Julie,Rhode Island,29808,20.393578,-81.7021255
Andrew Edwards,72,15368 Brian Crescent Suite 204,Stephanieburgh,Arkansas,88217,-13.765886,-68.350459
John Williams,79,4333 Tucker Bridge,Braunfurt,Colorado,20010,138.311780,65.1173065
Thomas Craig,55,9422 Nathan Springs,Reedmouth,South Dakota,16625,-179.337316,-32.606313
Andrea Walker,63,62771 Frank Viaduct Apt. 298,Andrewchester,Ohio,38056,-156.709062,78.6092245
Leroy Johnston,74,039 Pamela Shoal Apt. 199,Danielfurt,Idaho,90838,-99.839580,-48.9180245
Matthew Hubbard,67,07282 James Squares,Port Nicholaschester,North Dakota,49685,-37.080610,30.3746265
Julia Bartlett,20,897 Christopher Port Apt. 345,Moorefort,Hawaii,39057,-22.114648,73.254447
Kara Martin,21,57665 Reeves River Apt. 458,South Emily,Oklahoma,13747,161.772683,25.5602245
John Underwood,26,8997 Miller Roads Suite 393,West Karenburgh,New Jersey,68594,36.793711,-34.600600
Melissa Lee,29,218 Paul Station,Lake Tonya,Connecticut,66767,-160.361012,-23.6788455
Brian Jenkins,71,85856 Zimmerman Fall Apt. 064,Garyshire,Oklahoma,51867,157.504884,76.765660
Leslie Callahan,73,6330 Ramirez Groves,Port Valerie,Iowa,46656,-19.894664,74.5364765
Thomas Vaughn,69,721 Price Bridge Apt. 515,North Angela,Vermont,16646,17.701449,-50.0380435
Chelsea Walters,80,48529 Samuel Harbors,Thomasside,New Mexico,36574,83.200266,80.5264405
Joshua Bell,60,125 Cherry Stream,Kelseyberg,Arizona,34196,71.368041,12.8085655
Stephanie Francis,19,00034 Long Alley Apt. 432,Sarahport,Alabama,48576,-24.749003,81.3615085
Charles Khan,60,290 Mack Run,Lake Ronaldville,Rhode Island,18062,-49.271111,-12.1452805
Michael Mccarthy,29,4796 Joseph Port,West Emily,Kansas,10795,74.347031,-55.821817
Dennis Foley,21,7316 Coffey Burg,South Mark,Nebraska,07169,19.131508,37.2782645
Traci Hernandez,31,0662 Davis Parks,Brownfurt,Rhode Island,32353,-50.753650,-66.4699665
Mr. Elijah Whitehead,31,4524 Yates Loop,South Shirleyville,North Carolina,30453,-88.287236,42.095565
Glenda Palmer,56,7431 Ryan Parkway,East Sarahville,Connecticut,89117,-22.160376,85.1185925
Renee Haley,78,19033 Eugene Plains Suite 311,New Tinaton,Virginia,62741,86.791026,-75.9848915
Samantha Shaffer,22,0304 Alan Hill Suite 297,Lake Wendymouth,Pennsylvania,26878,-79.602511,-0.087868
Charlotte Mcdonald,25,05126 Patrick Brooks,East Melissa,Iowa,77129,130.432505,41.9571065
Stefanie Ross,39,224 Jessica Summit Suite 128,Edwardfort,Vermont,38967,105.311020,27.765246
Steve Huffman,77,80615 Tracy Fields,North Anthony,South Carolina,98720,-45.501966,33.6941315
James Greene,26,1737 Christensen Square,Port Morgan,Wyoming,78815,150.240439,-78.965838
Nicole Little,63,1064 David Ranch Apt. 489,Karenville,Texas,06836,78.470727,73.1885335
Heather Coleman,73,90740 Hall Park Suite 984,New Saraside,Virginia,02193,-8.687422,-7.038769
Tammy Hernandez,28,8270 Chen Estate,East Jason,Idaho,53324,80.516455,13.356652
Gabrielle Garrett,55,690 Moss Key Suite 718,New Tanya,South Dakota,03418,12.192704,54.535309
John Smith,23,822 Amy Pine Apt. 850,Potterberg,New York,61836,39.119818,71.539329
Melinda Nguyen,40,199 Montoya Union,Terrellview,Kentucky,96278,138.211678,72.1577405
Nancy Blackburn,75,036 Cardenas Hollow Apt. 317,New Donna,Minnesota,10532,86.767579,78.943809
Erika Jackson,31,89162 Mcknight Spring,South Daniel,Wyoming,40755,-34.541550,-11.0610895
Ruben Taylor,75,05628 Brown Roads,East Kelseyfort,Connecticut,57864,-103.462650,15.483933
Daniel Jones,63,25706 Nelson Crescent Suite 807,Lake Nathanielmouth,Arizona,58794,136.667517,-86.837377
Phyllis Kent,48,3801 Ashley Center,Joanneside,Wyoming,89974,90.702523,87.4317275
Megan Wood,42,789 Davenport Vista Apt. 843,South Antonio,Michigan,91693,4.277778,-34.567377
Christian Johnson,33,380 Gabriel Orchard Suite 000,Stephaniemouth,Louisiana,47542,-30.164534,55.993960
Bradley Hickman,60,9148 Davis Coves,Port Amyburgh,Vermont,29717,-45.752044,14.381086
Kevin Wood,37,3334 Jennifer Viaduct Apt. 860,East Catherineland,New Mexico,46334,-9.368972,-1.826829
Jamie Fisher,77,225 Hunt Land,Robertstad,Rhode Island,60405,-168.922419,-38.535836
Jennifer Villarreal,68,8637 Virginia Common,South Derrickburgh,Illinois,59067,-71.266131,-36.313092
Calvin Fischer,53,802 Adams Port Apt. 528,North Joseph,Ohio,40300,-126.189056,-52.403718
Catherine Bryant MD,33,80877 Manning Keys,Lake Roger,Utah,91572,48.562956,-88.016976
Michael Powers,27,785 Yang River Suite 433,East Oliviaport,Florida,60033,88.797781,4.139726
Melissa Patton,58,50019 Robert Rapid Suite 402,Katherineberg,Colorado,10071,-29.570549,77.648224
Charles Blackburn,35,839 Reed Summit,Figueroabury,North Carolina,79147,50.596316,37.795139
Rachel Simpson,23,203 Lisa Point Apt. 889,Rhondabury,New Jersey,82859,-37.325388,-5.1738775
Vincent Soto,77,397 Larry Creek Apt. 132,Hollyborough,Alaska,20972,161.665724,77.198011
Thomas Pace,26,31887 Jill Trafficway Suite 466,New Robert,Delaware,15389,-47.051289,19.9011545
Mark Hunter,48,449 Heather Curve,Port Christine,Indiana,20202,107.956566,16.9005895
Ashley Robinson,32,75995 Lindsay Alley Suite 809,West Michael,Illinois,14303,37.223949,-66.7985555
Meredith Jones,21,2957 Potter Causeway Apt. 645,Holmeston,Hawaii,19056,101.765709,80.4699945
Kristen Allen,74,078 Rowe Path,Mckenziebury,Arkansas,07589,8.544906,3.6738115
Michael Hughes,41,40192 April Forest,Michaelshire,Indiana,17223,25.473783,-16.4147455
Ryan Moore,61,52982 Betty Plaza Suite 280,West Andreshire,Utah,47478,176.616022,3.3859685
Christopher Barron,58,7293 Garcia Rue Suite 100,Acostamouth,Washington,75461,-43.189293,50.508605
Isaac Dorsey,38,8214 Alexander Unions Apt. 601,Michaelburgh,Massachusetts,62000,-147.981963,-80.7345885
Steven Brennan,59,902 Lucas Park Suite 745,Howardport,Kansas,72898,-134.097361,21.326748
Brittany Fletcher,45,67598 Justin Mountains Apt. 080,Butlermouth,Massachusetts,34140,110.727112,-58.289552
Allison Davis,43,477 Smith Course Suite 638,Cainview,Mississippi,09895,88.184587,-75.755230
Sharon Peterson MD,34,610 Davis Cape Suite 481,Alvareztown,Washington,48959,106.711047,57.175802
Shannon Owens,32,33482 Sherry Terrace,Lake Jared,Maryland,21871,-168.521959,-61.009981
Shane Johnson,53,4041 Stacy Circle,North Elijahstad,South Carolina,30103,-9.398613,85.6793335
Erika Savage,55,731 Brian Corner,Port Rodney,Indiana,94494,5.126818,-83.883507
David Bradley,78,2204 Samuel Pass Apt. 363,Lake Vanessaton,New Mexico,65083,11.678964,53.731377
Michael Campbell,57,41537 Heather Street Apt. 164,North Derek,Montana,69706,-54.469519,-76.8550585
Krista Dodson,24,1173 Estes Village Apt. 383,Whitneyberg,Wyoming,58551,153.589522,23.715008
Nancy Palmer,70,080 Michelle Spring,North David,Arizona,64632,3.580324,56.689728
Allison Hopkins,61,14989 Scott Landing,Wagnerview,South Dakota,91835,-15.322215,-28.1174615
Angel Kaiser,38,7273 Sampson Grove,Lake Deanna,Missouri,31431,-20.569442,4.5829085
Margaret Garcia,26,82543 Jason Fork,Daybury,Virginia,76185,121.753057,70.086943
Alexander Roman,67,49297 Edward Drives,Cunninghamburgh,Maine,16496,161.146359,-15.2822705
Katherine Fox,64,23733 Kayla Station,West Michael,Connecticut,21917,-95.879310,38.3309125
Christy Riggs,76,1232 Robinson Orchard Apt. 544,South Chelsea,Oregon,17917,-115.170300,-88.7177245
Elizabeth Clark,50,06656 Regina Prairie Suite 208,New Deannamouth,Georgia,71865,-53.913730,-69.608414
Kelly Olson,35,747 Felicia Place,New Taylor,South Dakota,24786,-50.467990,-23.2320885
Benjamin Taylor,18,470 Andrew Knoll,Andersonland,Oregon,15944,-63.430066,-33.120199
Heather Macias,20,743 Haynes Square,New Ethan,Missouri,04629,25.631057,-82.118544
Elizabeth Heath,78,823 Austin Ford Suite 510,Thompsonhaven,Oklahoma,76541,-116.190771,8.453848
Jon Ellis,55,65288 Weaver Orchard Suite 225,Albertstad,Virginia,59998,8.641865,76.2177315
Jeffery Rush,68,42301 Michael Orchard Suite 938,Leeport,Massachusetts,34159,16.888853,-8.6052545
Joanna Gonzalez,62,5107 Murray Plain,Willieberg,Iowa,58745,-146.239026,3.443858
Stacey Harris,62,88886 Perkins Center,South Jasonmouth,Arkansas,16965,-140.349608,18.853225
Jenna Koch,32,15270 Richardson Views Apt. 691,North Heatherville,Iowa,79395,30.303382,70.4541225
Ann Davis,68,1197 White Neck,Lake Shane,Michigan,98602,-96.496151,-88.081283
Lisa Lynn,79,7465 Keith Prairie,Ginachester,Georgia,57656,-174.105351,-53.720565
Carol Smith,46,78387 Gonzalez Lodge,New Teresa,Iowa,34067,-8.161223,48.5431865
Jaclyn Robbins,35,77268 Adkins Stravenue Apt. 872,West Melissafurt,Utah,80283,69.095060,60.1125205
Jessica Martinez,73,80700 Kathy Fall,Rebeccastad,Indiana,78065,56.933675,4.0396185
Brian Wilson,70,52284 Anthony Fork Suite 285,New Connieside,Iowa,41156,75.470151,58.673385
Patrick Brady,69,3214 Dunlap Parkways Apt. 669,Longton,Vermont,07281,82.097737,-86.4091665
Laurie Colon,34,91678 Brianna Underpass,Curtisport,Utah,34869,66.480387,19.597451
Hunter Michael,78,491 Reed Parkway Suite 887,South Erin,Washington,26930,32.823713,88.427215
Kimberly Carroll,49,297 Kendra Stream Apt. 170,Brianstad,West Virginia,81893,-11.258095,67.2625715
Christian Lloyd,41,6444 Cruz Burg Apt. 270,Christopherhaven,Rhode Island,11345,-129.137797,-35.222453
James Murphy,53,5927 Daryl Crossing,Stacybury,Arkansas,63432,-126.947000,-0.0570085
Ricky Bell,26,693 Jennifer Avenue Suite 248,Mendozatown,Texas,85033,11.376039,-34.3308395
Jessica Peterson,48,533 Sharon Locks Suite 762,Brandonside,Alaska,09160,31.276952,-75.380405
Toni Garcia,35,0759 Yvonne Crest,Port Ronaldfurt,Pennsylvania,31326,83.754812,48.211978
Alexander Smith,18,13219 Benjamin Forest Suite 505,Walkershire,Nevada,42580,40.580615,81.686003
Amanda Horton,65,97502 Heather Viaduct,East Brian,Massachusetts,42305,-81.495879,-89.3320485
Angela Travis,29,46704 Conner Crest Suite 609,Lake Chadland,Arkansas,94971,-33.223808,30.8560885
Mary Adams DDS,57,99618 Benton Stream,Kingshire,Oregon,67322,-35.998556,50.2104805
Tonya Combs,73,697 Christina Turnpike Suite 519,North Elizabeth,Arizona,63996,51.763188,36.2857595
Mark Mcdaniel,68,06239 Karen Key Apt. 468,Port Toddland,Ohio,21769,-32.422433,-71.0697965
Jason Buchanan,44,7791 Bennett Ville,South Michael,Nebraska,90708,128.893474,-84.1992855
Matthew Cole,50,79370 Boone Centers Apt. 927,Michelemouth,Mississippi,03342,-86.766803,-37.329909
Loretta Wright,20,9517 Ferrell Meadows Apt. 153,Lake Diana,West Virginia,35256,-57.360826,-85.866812
Jessica Lewis,44,961 Mitchell Circles,Anneview,Florida,17201,-169.741566,84.9559115
Diane Beltran,34,2608 Adkins Field Apt. 416,Brendaport,Washington,35106,-65.463670,45.9606565
Andrew Sims,25,743 Jones Hollow Suite 766,West Steven,Arkansas,96589,178.584165,5.875886
Karen Smith,55,58750 Thomas Streets,South Hollyberg,California,84986,123.239209,76.324015
David Campbell,34,78661 Mcknight Park Suite 389,Calderonfurt,Wisconsin,50272,105.716838,-31.1268005
Amy Baldwin,49,6180 James Passage Suite 082,Phelpsshire,Washington,30608,148.904290,-14.972591
Andrew Young PhD,70,86482 John Hills,Lake Michaelbury,Hawaii,69917,-22.873123,5.6294205
Catherine Ortega,27,00872 Derek Extension,Lake Kimberlyland,Arizona,65886,-158.213131,-7.5474505
Douglas Smith,53,25969 Hubbard Flats,West Peter,Missouri,49814,-88.203259,43.575910
Bryan Wilson,59,38430 Cheryl Park,East Rachelshire,Idaho,43594,159.267509,63.6574065
Jennifer Benton,34,11198 Pamela Grove,Andrewville,Missouri,76513,-102.795455,85.7583255
Heather Morales,28,72518 Charles Lakes,Brianport,Massachusetts,23530,-75.525952,58.1358665
Cynthia Davis,74,89416 Allen Unions,Tuckerhaven,New Mexico,49971,-169.668302,72.7987445
Karen West,60,247 Hebert Stream Suite 115,Port William,Oklahoma,85971,45.534223,-26.827781
Rebekah Ortega,41,59752 Jackson Stream,Hicksstad,Wisconsin,90750,-48.082525,-64.7734125
Laura Robertson PhD,25,3879 Jessica Creek Suite 241,Sabrinaburgh,Alabama,12018,-34.995400,16.910231
Jim Greene,26,146 Sandra Meadows Suite 873,West Sabrinaburgh,New Mexico,21781,-99.492281,88.878151
Alexis Hill,50,1929 Kelly Point Apt. 573,Port Savannah,Michigan,29023,89.369681,24.505891
Dawn Austin,26,056 Joseph Pass,Taylormouth,New York,76157,58.769573,58.0327125
Lisa Smith,65,93753 Alyssa Springs Suite 233,Jacobfurt,Minnesota,10120,-66.868209,-58.3889315
Morgan Woods,74,817 Eddie Burg Apt. 788,Lake Meganville,Washington,20180,99.612478,-69.7890035
Thomas Hall,51,54259 Drake Pine,Chadshire,Massachusetts,34345,118.065186,-65.954418
Shelly Chavez,27,5614 Turner Plains,Lake Briannachester,Wisconsin,73746,109.099798,60.491750
Erin Garcia,52,262 Mcintyre Rapids,Lake Todd,Arkansas,91485,6.085398,-65.8679755
Brenda Whitaker,62,220 Wilson Wells,Fitzgeraldport,Kentucky,15048,50.918697,3.767565
Gabriel Baker,59,8080 Garner Points,Patrickberg,Hawaii,17823,-161.719180,-63.8576545
Shawn Collins,63,04366 John Points Apt. 888,Stephenhaven,Washington,95271,-40.217906,16.0076705
Shari Cervantes,53,64974 Rachel Isle,Port Kendraborough,Montana,96145,-123.332006,-61.205409
William Thompson,67,3226 Charles Locks Apt. 136,Walkermouth,Connecticut,23157,-136.692478,-36.2183555
Brandon Smith,25,01365 Debbie View Suite 729,North Christopherville,New Jersey,26500,-36.217169,-81.380444
Jose Woods,69,701 Williams Freeway,North William,Idaho,83958,-74.163524,-55.988494
Kimberly Mann,76,68616 Anna Extensions Apt. 505,Grayfort,Hawaii,43038,99.872121,8.829084
Cheryl Hampton,77,92604 Ashley Island Apt. 389,Brownmouth,North Dakota,51306,-67.865317,-47.365384
Nicole Carter,65,10902 Davis Village,South Melissastad,Rhode Island,57233,-135.775405,-52.8270155
Christopher Miller,63,263 Corey Valleys Suite 252,Port Leslie,Kentucky,01936,-15.625107,-88.008735
Kimberly Mitchell,60,14215 Jesus Shores,Belindashire,Vermont,17945,110.848670,47.3357345
Danielle Brown,28,2815 Shaw Locks,West Kevinhaven,Maine,23603,-55.656817,26.7132625
Stephen Fernandez,69,42760 Howard Centers,Robertsborough,Colorado,68269,170.359465,65.808330
Sarah Copeland,70,2996 Lisa Course,Amandafort,Minnesota,74272,-48.551251,-36.7656265
Anna Sanchez,22,61099 Yates Vista,Thomasstad,Texas,54926,102.299525,89.557764
Leslie Chavez,37,3440 Jason Locks,New Manuelmouth,Missouri,05428,8.469247,38.3993945
Allison Willis,49,4922 Wilson Hill,Breannafurt,Idaho,94243,159.734768,59.783504
Reginald Brown,41,820 Lowe Brook,Loveborough,Wyoming,07055,-37.392981,-78.492979
Michael Gonzales,66,067 Tyler Corners,Port Jasonchester,Vermont,68736,-48.326282,-25.5275355
Amanda Patterson,62,663 Lyons Station,Manuelton,Rhode Island,16298,-76.564779,39.455176
Carrie Moore,39,52412 Rodriguez Green Suite 131,Port Mary,Idaho,44358,-28.105602,-32.4781285
Laura Perez,60,4802 Lynn Rapid,New Sarah,North Dakota,22470,179.994186,55.1099345
Tracy Santana,66,502 Johnson Knolls Apt. 406,Stephanieport,California,80585,140.811219,24.7653085
Veronica Davies,40,8394 Mary Hills,Lake Tyler,Massachusetts,51797,-65.067752,55.9292395
Nicholas Adams DVM,45,227 Maxwell Pine,Lake Amy,Delaware,97913,-133.994545,57.2460205
Joseph Mcpherson,72,7325 Shannon Pass Suite 830,Richardport,Hawaii,80935,72.193861,-74.5095085
Diana Winters,34,4967 Donna Garden,New Alexischester,Colorado,29498,-151.056702,-52.907323
Nathaniel Brown,21,021 Kimberly View,New Kimberly,Texas,16459,-91.003909,40.644281
Corey Cross,78,3355 Laura Drive Suite 214,Yorkfort,New Hampshire,73896,-44.015937,89.823647
Bryan Powell,38,9843 David Brooks Apt. 796,Brandonstad,South Dakota,70841,-50.614916,-61.856504
Andrew Cannon,45,42585 Andres Ports,Phillipsmouth,Arizona,59162,-125.930865,44.4673835
Dawn Robinson,61,8997 Weaver Locks,Mariaborough,Texas,06172,64.315792,51.584783
John Gonzalez,27,96743 Stacey Expressway Apt. 271,West Jasonburgh,Connecticut,42776,-32.498799,82.7273805
Antonio Stewart,59,708 Sydney Row Suite 139,South Margaretborough,Oregon,19502,10.167433,13.131585
Victoria Wallace,34,696 Nathan Via Apt. 001,Gilbertfort,Montana,20734,-3.714385,78.224851
Victor Price,24,45097 Acevedo Fords Suite 426,West Richard,Georgia,03097,-164.130040,10.564002
Clinton Mason,60,9897 Murphy Shoals,South Dean,New Jersey,89447,125.790269,-32.3515045
Jeffery Garza MD,51,6998 Sarah Square,Lake Aliciashire,Vermont,09813,87.589593,40.8627495
Nicholas Woods,26,953 Juan Manors,Reynoldsborough,West Virginia,68634,-11.249559,1.333439
Michele Wall,18,389 Nicole Lights Suite 402,Sandrafort,Hawaii,39945,-38.890931,-65.850336
Heidi Hodge,63,8112 Wilkins Vista Suite 453,North Christinehaven,Colorado,26964,-139.970765,-45.9597325
Dorothy Friedman,46,45778 Christopher Coves Suite 789,Madisonberg,New Mexico,59482,-126.415579,-43.9192875
Gabrielle Gonzales,56,451 Brenda Burgs,Moonfort,Pennsylvania,70605,-97.480913,83.519706
Robert Cruz,36,436 Jeffery Mill Apt. 190,North Tammyshire,Arizona,42936,-164.329903,59.4707605
Natasha Hicks,60,8396 Brianna Mountain,East Mary,Texas,91513,-24.775296,38.545705
Kara Baxter,77,844 Henderson Mountains,Jessicashire,New Jersey,98047,63.581994,12.2547195
William Dean,70,7741 Taylor Islands,Jesusberg,Nebraska,26372,-47.930825,8.566665
Dwayne Duarte,37,25496 Fernandez Prairie,Ashleyberg,Louisiana,49748,85.513128,-25.685063
Andrea Schultz,48,44421 Scott Centers,East Julie,New Jersey,86781,8.042968,-74.833293
Ryan Peters,24,3855 Jeffrey Fort,East Kaitlyn,Iowa,00878,-138.431581,10.0568295
Kimberly Lee,73,18099 Cohen Overpass,North Erinland,New Jersey,89236,-93.151354,-57.761488
Jason Roth,72,717 Michael Glen Suite 077,Ivanburgh,Utah,30356,-113.319168,-7.7780235
Eduardo King,68,1049 Shaffer Lock Suite 202,Reginaldhaven,New Jersey,82663,-77.272634,-17.232163
Tina Hensley,27,5841 Terri Course Apt. 129,Holtmouth,Idaho,34272,136.185497,18.8468635
Paul May,54,05392 Adams Mountains,North Cheryl,Kansas,97232,23.934045,-23.154054
Daniel Williams,42,88521 Brittany Walks,Hoodmouth,Washington,85266,-91.335544,-57.629350
Jeffrey Rodriguez,28,3211 Dyer Burgs Apt. 059,West Tony,Oregon,09947,122.146512,33.9313505
Mr. Martin Murphy,78,817 Francisco Crescent,Maloneborough,Alaska,19077,133.438324,56.843050
Mark Johnson,79,3254 Kathryn Tunnel,Port Johnburgh,Oregon,26614,-118.305262,9.1112555
Michael Mcdonald,66,1085 Pratt Ferry,South Kristifurt,North Dakota,29104,-131.572374,-39.7094355
Kevin Collins,68,580 Frye Crossing Suite 455,East Jessicaport,Idaho,85636,-3.243092,65.2122305
Anthony Gallagher,18,5193 Davis Forges,Jillianport,Washington,95065,-10.451594,52.830551
Charles Patterson,31,9261 Ryan Club Suite 581,Lake Shannonville,Montana,68653,45.893335,51.474742
Ashley Garcia,66,004 Wilson Circles Apt. 889,Turnerberg,Massachusetts,81408,117.716201,-87.989364
Bobby Ellis,66,81336 Kelley Extensions,Millermouth,Ohio,22350,57.255474,-34.6696695
Alan Wells,22,63906 Adam Way,Andrewborough,Alaska,64385,-50.605099,-48.170698
Lisa Wallace,73,87979 Lee Shoals,Ramseyfort,Texas,49586,-79.182506,2.095516
Anthony Hernandez,41,323 Williams Track,South Maryshire,Iowa,51158,12.977341,84.6360405
David Donaldson,56,739 Michelle Walks,Lake Diane,Colorado,66569,-62.749315,25.5772485
Jennifer Davis,31,53265 Susan Summit Apt. 708,New Tara,North Carolina,41257,-158.303693,-33.3116695
Amy Lane,63,6361 Anna Summit Apt. 654,Stacyland,New Jersey,16809,122.727758,-48.299395
Kimberly Smith MD,42,70498 Helen Stream,Lake Micheleberg,Illinois,88206,-150.315194,-39.120753
Marisa Brown,33,745 Yoder Roads Apt. 599,Roberttown,Delaware,68015,17.405283,-30.534997
Alyssa Sullivan,48,608 Mark Fort Suite 729,Carterside,Kansas,98957,160.357012,-24.4080795
Brett Gilmore,78,615 Abbott Junction,West Maria,North Carolina,71392,-111.311275,89.4565485
Mark Vance,54,85191 Lauren Burg Suite 655,Lake Sarahview,Ohio,96451,-21.197844,56.759855
Brian Fletcher,46,0355 Lamb Lake Suite 446,North Travis,Arizona,94321,-169.972437,11.949032
William Williams,32,9299 Jones Hollow Suite 159,Port Cameronfurt,Kentucky,08827,119.785626,27.5494475
Ryan Gonzalez,49,2579 Jennings Lights,Lake Teresastad,Mississippi,54621,127.736838,14.799599
Candace Anderson,62,523 Phillips Prairie,Shannonmouth,Oregon,58657,10.314064,15.5067485
Dr. Kenneth Harmon,39,48677 Allen Terrace,West Andreamouth,Wisconsin,26184,159.739330,-84.9468675
Lawrence Wagner,56,37198 Francisco Streets,Kennethbury,Tennessee,43762,163.258591,7.350858
Rebecca Alexander,20,7059 Boyle River Apt. 639,West Laura,Connecticut,05528,61.793632,-89.2513835
Raymond Fowler,22,857 Melissa Cliff,North Jodifort,Utah,33522,73.772892,73.238347
Mary Powers,65,06303 Dominic Streets,Fullerland,Illinois,95176,-22.453199,-2.3707395
John Lewis,55,25773 Bryan Tunnel Suite 527,Cohenville,Nevada,22658,-57.503692,-73.996049
Kristie Perez,66,57052 Debra Plains Apt. 247,Jillborough,Virginia,08863,-37.439027,-88.7648535
David Williams,39,3730 Browning Field,Orrton,New Mexico,61628,-147.585361,-45.367326
Sara Tucker,33,804 Watkins Pines Apt. 747,West Daniel,South Carolina,14047,42.751918,19.313608
Jonathan Scott,73,228 Lester Extensions Apt. 402,Stephaniechester,Minnesota,02312,103.985775,-23.8044115
Samuel Johnson,63,437 Jensen Valleys Apt. 614,Schultzview,Vermont,87304,-99.440403,39.1181365
Mr. Travis Montes,50,36065 Anna Squares,Smithfort,Oregon,97763,-171.580422,-24.572146
Jose Webster,57,3755 Kelly Orchard Apt. 745,South Codymouth,Pennsylvania,20797,127.094697,35.671918
Jennifer Johnson,62,5733 Megan Street,Gonzalezville,Utah,57408,83.385937,-41.7087635
Michael Watkins,21,6676 Rachel Ridges,North Christianview,Kansas,39777,-17.932469,43.4020965
Lisa Foley,23,143 Wilcox River,Brownburgh,Michigan,96033,71.081516,54.2145935
Lauren Reed,65,5573 Thomas Lodge,Lake Charleshaven,South Carolina,54042,143.330711,-3.488897
Janice Keller,54,030 Tyler Camp,Harrellville,Minnesota,22965,-22.464733,-2.8796795
Mrs. Emily Brooks,21,9785 Riddle Spurs,Floydview,Georgia,04458,-179.789216,79.466844
Courtney Moore,73,3907 Anderson Forest Apt. 177,Amandaport,Ohio,58516,12.281529,12.7754905
Mr. Steven Davenport,25,34188 Richard Greens,Mccormickberg,Alabama,10548,178.134203,37.984620
Nicole Carter,77,5630 Ramos Mountains Suite 220,Michaelhaven,Colorado,82893,-130.955601,-9.7426945
William Robinson,68,5445 Valerie Ports,Johnmouth,Arkansas,22418,-79.333181,-45.0409335
Jennifer Yang,49,26562 Andrade Trace,Markport,Ohio,33386,-43.156247,-47.0219495
Robert Mcdaniel,42,047 Gomez Circle,Jessicaside,Alaska,55753,-116.404139,58.5263005
Heather Sims,49,980 Heather Island Suite 293,Crawfordchester,Iowa,76654,-55.011357,60.647843
Zachary Evans,76,7255 Kristy Roads,West Craig,Connecticut,50930,-44.691168,50.786750
Angela Waters,68,4625 Williams Plain Apt. 305,Rileymouth,Nevada,54293,-38.953106,4.819199
Ashley Logan,35,202 Lucas Mount,West William,Oregon,02458,-178.227669,-53.0001775
Francisco Baker,48,4908 Robert Mall,West Karinafurt,Mississippi,57183,144.131379,-39.8238685
April Fuller,43,78403 Tyler Roads,Lynnberg,California,18955,120.091930,-57.007435
Jennifer Melendez,28,109 Hansen Greens,Joanfurt,Alabama,35865,82.107031,75.8159795
Zachary Park,53,374 Henry Ferry Suite 029,Lake Charles,Illinois,80974,58.953180,-60.8183615
Joseph Fernandez,45,25709 William Lodge Suite 428,Burketon,Virginia,62265,-28.449992,-34.2873125
David Villegas,73,293 Jason Gardens,East Michael,Oregon,04809,16.855706,39.767587
Matthew Clark,35,22421 Johnson Harbor,South Danielle,Massachusetts,99864,63.049993,48.308534
Richard Hall,32,4081 Nicholas Circles,Blackville,Vermont,86883,-160.449175,-77.592690
Sandra Bryant,29,184 Nathan Hill,Lisaburgh,Illinois,58414,-156.880810,-34.9579955
Christopher Harris,38,78066 Jackson Harbors,West Victoriaview,Ohio,03009,-87.839106,-9.9412615
Heather Romero,75,27007 Rodriguez Turnpike,North Keith,South Carolina,17454,140.746125,4.4005095
Christine Jackson,29,020 Joseph Street,Port Christineville,Louisiana,39459,17.405910,-82.9831085
John Love,30,7376 Jackson Unions,Port Charleschester,New Hampshire,66819,96.846827,-8.7718385
Leonard Wilson MD,31,0373 Christian Turnpike,Port Jesse,South Carolina,79107,98.430194,82.501299
Larry Hawkins,73,414 Christopher Manor,Andremouth,Rhode Island,52727,115.883005,-54.8362655
Briana Abbott,20,38167 Natalie Groves Suite 499,Curryside,Georgia,42918,164.424492,-56.600080
Justin Smith,72,726 Kimberly Terrace Suite 865,Harrisside,Kansas,10317,75.391299,67.1056965
Caitlin Reid,23,54709 Gary Estates,Barberland,Kentucky,74140,-100.531346,-12.4918035
Dr. Angela Kennedy,44,509 Pham Turnpike Suite 444,New Joelview,Utah,96561,-31.080549,-77.0812705
Teresa Young,60,4443 Kevin Stravenue,Lake Kimberlybury,Illinois,44564,-36.763785,20.676251
Karen Wright,18,341 Walters Knolls,Nicholsonmouth,Rhode Island,96951,66.913504,17.3968605
Antonio Quinn,28,63059 Miller Club,Middletonshire,Delaware,16446,136.717078,75.2475885
Michael Hicks,60,8691 Timothy Throughway,Mollyfort,Illinois,24394,107.051730,-42.429477
Amanda Cisneros,23,6814 Katherine Light Apt. 616,East Erinshire,Michigan,05357,-177.772093,85.6097395
Andrea Reyes,64,518 Michelle Cove Apt. 421,Monroehaven,Arkansas,20409,65.222985,-14.532301
Sabrina Calderon,18,945 Stephen Road Suite 377,Parkerburgh,Louisiana,16094,-25.762710,-63.575496
Benjamin Rivera,33,730 Jennifer Rue,East Mia,California,53029,-157.130388,43.024463
Mrs. Annette Butler,38,02745 Bradley Glen,Coxport,Arizona,25056,-124.612406,31.599658
John Stevenson DDS,57,5252 John Lodge Apt. 367,Port Christopherport,Vermont,11446,-87.248137,-75.5086495
Erin Smith,42,0755 Sanford Drives Apt. 744,Taylorport,Kansas,61981,96.557082,-28.2172225
Dr. William Pineda,34,16235 Yvonne Ford,Erikaview,Missouri,89251,-147.706044,50.898400
Tracy Huff,50,971 Kristen Inlet Apt. 351,North Thomasfort,New Hampshire,41012,-42.172404,-21.089740
Katelyn Beltran,56,780 Oneal Ford,Lake Danielview,Alaska,39271,-152.951930,-10.143634
Martha Martin,29,65580 Adam Avenue Apt. 424,Port Daniel,Arizona,36456,-51.060115,38.891921
Brian Harris,47,09782 Garcia Mall Apt. 026,Fryefort,Arkansas,01658,-140.848381,-42.4587175
Jasmine Collier,66,941 Brandon Terrace Suite 740,Patricialand,Colorado,64003,173.825234,-68.6451475
Jeffrey Miller,29,89242 Trujillo Tunnel,Josephstad,Wyoming,93530,6.266977,-61.190918
Aaron Vasquez,44,650 Matthews Circle Apt. 780,Loriberg,North Dakota,86970,-175.171105,61.020531
Elizabeth Glenn,57,6389 Perez Junctions Apt. 752,North Dylan,Illinois,57791,-10.271547,44.6318095
Brent Newton,29,995 Joshua Creek,Brayburgh,Georgia,26433,105.216640,-33.819241
Katie Davis,33,7165 Tammy Pike Apt. 873,Jonathanfurt,Arizona,03999,-112.616278,4.1577875
Samantha Mejia,45,0927 Collins Port,Christinamouth,Montana,07928,139.142729,24.262420
Gregory Walton,20,12816 Stephen Curve Suite 027,South Zacharybury,Idaho,55598,42.095878,88.923158
Pamela Maxwell,38,69519 John Station,Melindaburgh,Nebraska,44459,55.523614,-83.717119
Gene Thompson,18,0681 Martin Drive Suite 138,Lake Ethanburgh,Arizona,59800,75.168731,-3.7390205
Ronald Moore,41,6507 Barnes Tunnel Suite 849,Lake Hectorport,Maine,19017,78.968315,-61.0316865
Amy Allen,51,38414 Catherine Lake Suite 072,East Jason,Ohio,58158,139.352511,88.958931
Jean Malone,60,2971 Torres Island,Lake Laurieview,Massachusetts,02559,-7.940874,-41.297425
Robert Ryan,58,01834 Charles Valleys,Haasbury,Montana,31012,-21.504054,9.566048
Jeremy Fernandez,38,404 Theresa Wells Apt. 658,Clarkton,Iowa,87537,-43.581832,41.6459645
Zachary Evans DVM,72,0560 Smith Pines Apt. 806,East Jennifer,Wyoming,09136,22.854419,53.674111
Stephen Davis,40,60317 Brown Square,Lake Rachel,North Dakota,70787,-44.923232,4.773365
Melissa Knapp,71,871 Herman Way,East Thomas,South Dakota,08403,124.771307,6.032414
Joshua Roberts,71,50796 Hawkins Place Suite 584,Morganton,Georgia,32301,-174.610155,48.461343
Jacob Ramos,30,619 Dalton Crossroad,Port Donnaside,Illinois,98449,34.439643,49.801244
Amy Reynolds,26,05225 Frances Hills,Port Francisbury,Washington,02213,172.010615,76.1775615
Lucas Lucas,50,7203 Timothy River Suite 544,Samuelfort,Wisconsin,70807,124.632053,65.7995835
Carol Allen,39,181 Smith Ports Suite 623,Smithborough,Alabama,95717,152.790371,52.4568295
Nicole Tucker,20,6842 Donna Mission Apt. 119,East Lindsay,Oklahoma,32821,-57.268229,48.191007
Mark Jones,33,9407 William Trail Suite 686,West Jamieside,Georgia,22096,-87.876935,-81.761557
Rhonda Buchanan DVM,64,480 Vicki Mountain,Lake Melissamouth,Idaho,15204,-51.799463,5.643358
Spencer Torres,24,370 Beverly Forest,Haysport,Florida,34182,-75.947409,-81.872714
Sylvia Jones,45,41272 Christopher Track,South Joanborough,West Virginia,95153,65.745151,86.4005715
Craig Harris,49,093 Brown Plains Suite 379,New Neil,Florida,63525,-94.739440,-76.329410
Katherine Rodriguez,42,785 Scott Ville Apt. 905,Cordovachester,Pennsylvania,52956,-60.597085,17.344759
Michael Burns,77,282 Sean Fields,Sydneyfort,Oklahoma,59151,-65.534420,-33.062488
Richard Baxter,30,852 Hughes Stream Suite 631,West Annehaven,Connecticut,95677,-14.205665,57.3405965
Beverly Wallace,46,980 Paul Mountain Apt. 331,Stacieborough,Rhode Island,06016,-84.300323,36.393744
Lauren Washington,26,0375 Stephenson Garden Suite 864,South Robert,South Carolina,41123,48.919687,64.2854135
Sean Wells,38,950 Ross Lodge Suite 314,Simmonsshire,Minnesota,20202,38.798345,76.3374015
Brandy Bradley,54,9861 Gomez Summit Apt. 662,South Cesarmouth,Alabama,05185,37.183121,-88.4326185
Kristen Taylor,52,3137 Seth Harbor,East Pamelaland,Nevada,88811,-133.841623,-84.223715
Aaron Larson,27,9267 Pham Field Suite 876,Johnbury,Delaware,71723,-136.117701,-68.2571755
Arthur Wolfe,47,53052 Cynthia Manor Suite 467,Port Samantha,Colorado,17120,-96.060361,31.6503585
Kyle Mann,71,7844 Elaine Pass,Port Mariahaven,Maine,35017,171.536070,-5.510862
Donald Hernandez,21,4041 Ryan Walks,West Juliemouth,Texas,46676,-91.710702,79.229557
Mr. Jacob Christensen,55,434 Jessica Isle,East Billfort,Texas,67647,-135.509545,-85.921159
James Skinner,24,684 Patton Alley,Jakemouth,Iowa,82140,22.393572,-60.767789
Nancy Miranda,58,40294 Johnson Way Suite 928,West Ebony,Oklahoma,66945,-106.634803,-34.1435105
Terry Hernandez,42,857 Hess Pass,West Christinafurt,South Dakota,48656,106.675664,54.1513305
Audrey Murphy,58,42224 Bush Corners,South Aliciafurt,Nebraska,25125,179.078106,-43.4391865
Austin Fischer,45,6891 Perez Views,East Roberttown,Hawaii,28967,103.778901,19.5473055
Dr. Rachel Wood PhD,23,947 Martha Ways,West William,Alabama,94430,-146.562123,16.4532495
Stephanie Hernandez,29,52719 Garcia Square Apt. 529,Sandersstad,Nevada,65213,-116.790612,4.9213205
Mark Gilbert,61,213 Nicholas Street Suite 183,East Nicolechester,Nevada,02059,-103.566261,-12.028793
Jennifer Brown,48,100 Knight Glens,Jacksonhaven,Washington,62125,84.110647,-68.572394
Wendy Green,31,708 Bruce Locks Suite 031,Charlesborough,Florida,97504,-65.232754,-65.009777
William Ramirez,65,078 Hector Pass,Kyleton,Rhode Island,84685,-101.321842,-6.9616435
Marcus Smith,34,8683 Robert Crossroad Apt. 269,Hollyside,Oregon,81741,-69.994866,0.2359115
Donald Garcia,36,43368 Deleon Pines Apt. 925,West Alexandra,Illinois,21744,-94.709922,52.8451985
Adam Allen,55,3607 Joshua Alley Suite 021,Stewartstad,Iowa,86597,-38.497427,-23.690201
Austin Branch,49,16432 Kimberly Overpass Apt. 502,West Nicholas,Nebraska,47826,104.358829,25.3275575
Rachel Allen,21,490 Brandt Villages Suite 560,Hawkinsview,Nebraska,53007,-37.334841,-62.1741825
Robert Andrews,24,2247 Wanda Villages,Ryanland,Michigan,80178,-118.125269,5.7690635
Cassandra Lopez,58,70774 Douglas Shoals,Paulchester,Alaska,24959,-24.205537,35.454168
Linda Arroyo,77,167 Sergio Orchard Suite 583,Jamieville,Mississippi,24370,68.314203,-12.6577205
Brittany Morrison,33,5659 Garcia Crescent,Carolynport,California,75599,-74.837373,-24.589634
Dr. Timothy Jensen,25,397 Collins Square Apt. 483,Port Elizabethside,Mississippi,46372,116.842243,88.555502
Victoria Clark,33,4866 Long Mill Apt. 663,Nicholsville,Wisconsin,80942,-169.546538,16.3797365
James Kelly,77,0402 Silva Knolls,West Alexander,Wisconsin,23076,-118.267359,-13.675876
Mrs. Lisa Kennedy,77,488 George Freeway,Sarahfort,Wisconsin,04439,43.881153,54.4790625
Mr. Brian Garcia,60,3403 Williams Creek,Juanview,Pennsylvania,17762,175.723532,-6.8280245
Oscar Taylor,43,4016 Andrea Manors,Bowersborough,Louisiana,05796,-5.549264,-59.2377435
Scott Russell,48,396 Kim Stravenue,West Janice,North Carolina,81148,99.602069,-25.4545875
Patricia Guerrero,21,071 Moore Hill,Marymouth,Iowa,17848,-113.459184,33.1213515
John Nguyen,31,0661 Osborn Common Apt. 789,North Keith,Wisconsin,87654,-100.887406,-49.421151
Sean Nelson,40,920 Emily Spurs Apt. 415,Lake Cynthia,Colorado,74999,50.391075,-82.5433085
Cameron White,18,252 Harvey Burgs,Dennisfurt,Arkansas,18711,173.969320,-6.296846
Michelle Armstrong,30,561 Tim Road Suite 678,West Duanestad,Oregon,12111,62.086211,-49.042598
Justin Davenport,74,3712 Donald Mountain,Shepherdburgh,Delaware,75177,115.791641,-17.911608
Timothy Hogan,46,394 Smith Bypass,Charlesmouth,Rhode Island,51246,-151.333415,-50.645035
Christopher Lutz,32,3207 Jacob Lock,Ramirezfort,South Carolina,08587,-61.894506,-49.243034
Ashley Anthony,48,08597 Alexander Well,Smithshire,Hawaii,55850,119.751730,-41.8633455
Tracy Obrien,65,86618 Parker Parks,East Sarah,Idaho,24499,33.878458,-10.829993
Marvin Scott,31,08258 Johnson View Apt. 632,Cynthiatown,Washington,88801,-104.373967,28.085426
Henry Smith,54,83894 Laura Cape Apt. 949,South Debraview,Florida,65172,-39.723849,30.4455175
Matthew White,28,2109 Alexander Manor,Parkerport,Michigan,50287,77.933561,-24.468271
Barbara Bradley,50,16566 Ricardo View Suite 057,East Judychester,Texas,48131,101.937969,-86.868565
Andrew Hamilton,43,009 Armstrong Point,Morrisshire,South Carolina,18248,81.408449,77.8704595
Thomas Fernandez,25,9447 Davis Rapids Suite 078,Kimmouth,Maine,83360,-125.326262,41.2498485
James Tanner,74,097 Jones Estates Apt. 295,Port Margaret,Maryland,78979,79.079506,-4.307251
Tyler Barnett,59,791 Darren Curve Suite 280,Valencialand,North Dakota,49936,-136.804212,80.6989155
Scott Roberts,70,13733 Stanley Knoll,Johnsontown,Louisiana,27979,118.731729,76.7990655
John Newman,23,8823 Thomas Squares,Lisamouth,Delaware,38678,-79.741646,-29.1302985
Alexander Phelps,23,230 James Light,Lake Jeremyside,Arkansas,60836,-43.427897,0.580976
Laura Sloan,32,82167 Conley Extensions,Jesusland,North Dakota,88816,-164.327258,52.598313
Micheal Huber,36,6381 Pamela Passage,Angelastad,Utah,60603,46.771154,-4.603387
John Martinez,80,09589 Olson Extension,New Christinetown,Arkansas,69490,44.548507,47.5325755
Kara Johnson,37,938 Jimmy Highway,Rachelside,Idaho,20267,10.531022,-85.980649
Michael Ramirez,75,93746 Caldwell Gateway,East Lindamouth,Kentucky,09241,-106.829673,-71.0642545
Angelica Fisher,78,10531 Crystal Drive,Youngberg,New Hampshire,30287,82.704452,-24.3813905
Kelly Marshall,26,41485 Samuel Ford,Whitebury,New Jersey,46158,-36.037042,-73.672010
Christopher Ross,36,67387 Patrick Via Apt. 907,Maryhaven,Kansas,08110,-165.923351,50.374430
Jose Wong,78,170 Paul Branch Apt. 679,West Justinstad,Arizona,18954,-88.974619,-0.203342
Donna Bishop,62,287 Mcgee Shoal Apt. 789,Hallbury,Georgia,69950,168.907271,33.8427805
Alexandria Barry,52,3755 Adams Burg,Daviston,Oklahoma,37767,-111.902862,22.047167
Olivia Carroll,46,9458 Lisa Street,Port Jessicastad,New Jersey,36435,-170.754113,-63.306536
Mr. Christopher Gibbs MD,70,15846 Norris Mountain Apt. 499,Goodwinview,Alabama,25189,-12.958625,12.5818175
Kayla Morris,75,6772 Richard Dam,New Christine,Arizona,96797,-38.845316,44.000759
Philip Mcdaniel,41,80482 Brooke Radial Suite 280,West Cynthia,Nevada,51368,-172.902120,-9.629947
Andrew Chapman,54,63076 Andrew Center,Zacharyport,Nevada,19998,-78.709382,-34.221969
Travis Mckay,61,8549 Hammond Road,Port Alicia,Connecticut,65210,96.637994,-2.8508885
Jerry Lynn,69,9515 Jimenez Streets Suite 368,West Elaine,Kansas,49023,-141.825408,-52.676119
Chad Lee,56,3371 Tyrone Mount Apt. 482,South Eduardoshire,Maine,77111,-101.740280,82.850196
Julie Hanson,31,01200 Austin Village Apt. 806,Mcintyremouth,Minnesota,75083,-89.029549,-16.090623
Kenneth Bradley,50,11535 Lee Cape,Lake Laurieview,Nevada,89665,-16.767313,-7.2591835
Sarah Davidson,58,401 Gary Shores Apt. 210,Johnmouth,Connecticut,69276,26.416363,-28.648137
Ronnie Bruce,32,46002 Erin Trace Suite 310,Carpenterside,Georgia,76525,5.918390,89.509453
Justin Thompson,72,9356 Scott Expressway Apt. 543,Oliverfurt,Missouri,97942,94.739308,-43.217927
Aaron Salazar,36,7499 Newman Landing,Port Richardborough,Mississippi,76056,96.718351,0.1661865
James Contreras PhD,49,786 Duncan Circles Apt. 547,Kimberlychester,Tennessee,10083,-160.214239,-40.523462
Jonathan Vaughn,73,388 Page Glens,Robertton,Massachusetts,75326,-99.436838,-77.418051
Karen Franklin,24,4208 Laura Streets Suite 836,Haydenstad,New Hampshire,86208,31.591729,-1.056268
Aaron Snyder,29,7869 Wilson Ville,Thomasstad,Oregon,64684,-52.510336,-86.4412355
Zachary Edwards,52,123 Matthew Estate Suite 068,Jameschester,Hawaii,53103,172.145963,-12.537559
Jessica Wright,54,81141 Mitchell Points Suite 439,West Nathan,Arizona,33027,-93.670379,62.035061
Jill Walker,43,3384 Benjamin Corner Suite 837,Nicholsville,Delaware,35115,-2.135840,-32.9419785
Brian Rodriguez,53,6807 Bowers Fields Apt. 475,South Brian,Michigan,11288,-154.802352,73.717370
Cynthia Gonzalez,19,69072 Mckinney Creek,South Nicoleview,Nebraska,46952,83.730190,13.5864915
Angela Harper,61,5792 Christina Overpass Apt. 085,Jeffreyport,Pennsylvania,83278,127.952816,73.807025
Caleb Nguyen,28,5826 Jessica Landing,West Jessica,Wisconsin,20857,-46.607827,-31.4969865
Calvin Reyes,77,484 Mercado Mountain Suite 916,Port Richard,Oklahoma,90370,68.067163,-37.1262125
Christina Rivas,31,86086 Harris Crossing,Port Kayla,Virginia,79013,-12.799096,48.5708735
Jennifer Warner,76,32953 Powell Walk,South Justinville,Idaho,03535,-19.254016,-58.402616
Jeremy Anderson,49,524 Henry Knolls Suite 454,Joneston,Texas,85047,-26.862125,-74.8516585
Stephen Mendoza,70,29289 Johnson Estates Apt. 945,Cooperville,West Virginia,99398,137.933076,-17.190358
Meghan Wagner,69,37594 Baker Greens Suite 271,South Cory,North Dakota,93936,-111.294850,-74.406885
Katie Morrison,45,7257 Jill Ford,Lake Micheal,Tennessee,18352,63.317096,11.055971
Olivia Rodriguez,35,66293 Stanley Shoal,Frankside,Wyoming,02373,-61.926169,-27.651297
David Carter,40,533 Rebecca Corners Apt. 050,Lorraineview,Mississippi,14179,89.204297,61.911865
Angela Dougherty,58,48890 Dennis Harbors,Scottfort,South Carolina,76252,72.586543,-80.5846925
Rebecca Garcia,69,61046 Michael Square,Jamesville,Vermont,57295,-60.482016,-28.4503465
Brittney Mason,66,7400 Myers Orchard Suite 304,Curryfort,Utah,82497,-60.920631,-82.6408245
Jacob Turner,20,832 Heather Stream Suite 392,West Gregside,Idaho,72697,37.458960,-37.4485915
Tiffany Graham,18,1107 Jessica Mountain,Stephanieview,Texas,44497,166.813370,-1.9638455
Charles Wood DDS,57,8958 Kelly Summit,Hawkinsfort,California,67559,78.948537,77.061700
Jeffrey Best,49,43145 Holloway Prairie,East Charlesside,New York,32652,21.659274,-18.671869
Christopher Moody,79,000 Tammy Skyway,Hollyburgh,Vermont,97313,-11.389297,11.4640365
Timothy Bright MD,62,69033 Catherine Canyon Suite 005,Simpsonmouth,Ohio,32453,-43.881234,-23.0103195
Sean Stuart,22,6820 Carmen Drive Suite 500,East Adamfort,Tennessee,95107,141.053022,-53.439940
Hunter Wilson,76,48006 Jeffrey Views Suite 706,Lisaside,Delaware,05969,165.651685,61.6538225
Cheryl Jackson,57,18858 Brenda Turnpike Apt. 878,Port Diana,West Virginia,82411,177.341860,-80.1444175
Christopher Wright,67,674 Brittany Pass,Randallchester,Georgia,87417,138.786435,-26.977420
Patricia Potter,52,14067 Greer Lane Suite 680,Curtischester,Hawaii,87974,-14.041552,72.158568
Christine Johnson,78,90770 Gina Estates Apt. 697,West Bryanmouth,Vermont,61193,-66.383412,34.979983
Edwin Lee,46,88041 Ross Gateway Suite 230,Duranfurt,Arkansas,49792,83.735395,-2.692266
Anthony Reese,73,1646 Penny Turnpike,Aarontown,Maine,35751,-26.424772,-29.8146625
Lisa Robinson,67,859 Dennis Mountain Suite 775,Evansport,South Carolina,90890,-142.570469,57.308225
Amanda Hamilton,80,179 Timothy Forges Suite 932,East Jamesbury,Minnesota,50490,31.502277,60.6670195
Austin Monroe,29,29698 Taylor Port Suite 928,Owenshaven,Alabama,67691,171.410534,27.8555325
Colleen Barton,41,4353 Lynn Circles,North Sara,Tennessee,33729,14.165225,-35.998835
Christopher Palmer,71,565 Ashley Street Suite 084,Morrisville,Arkansas,08427,-17.427312,-84.575396
John Martinez,25,13271 Darren Ramp Apt. 922,Port Christopherborough,Pennsylvania,56344,-49.868168,-78.6397965
Scott Silva,78,203 King Green Apt. 663,Port Robert,Delaware,16938,17.533384,-11.636913
Patricia Delacruz,38,01223 Valenzuela Wells Apt. 282,Herreraborough,Oklahoma,13141,-172.786840,-4.2335935
Amanda Patel,41,33595 Kaiser Junctions Apt. 465,New Alicia,Oklahoma,88942,117.185912,62.1992545
Jesse Brown,30,4044 Robert Cliffs,Greenville,Idaho,57027,158.634269,-2.1611665
Pamela Jones,57,08540 Fowler Common Apt. 981,Ronaldton,North Carolina,60796,168.356166,56.741455
Frank Williams,76,262 Timothy Trace,East Teresa,Alabama,66175,-14.535643,-48.7746015
Dr. Shawn West,65,5681 Cheryl Walks,Mezaberg,Minnesota,75320,100.148598,-28.106087
William Thomas,37,258 Scott Groves,Willisberg,Massachusetts,07693,-139.672929,-55.631428
Kelsey Roman,59,98429 Nicholas Village Suite 663,Lake Douglasside,Maine,50437,53.743027,-20.686643
Donald Ruiz,56,43865 Marshall Flats,West Michelle,Wyoming,44799,27.895112,-7.232249
Maria Banks,47,630 Nicholas Loaf,Laurenmouth,Massachusetts,98035,90.426584,-23.4261325
David Nichols,79,3646 Lewis Fork Apt. 924,West Marymouth,Washington,04116,162.113062,-5.044722
Vanessa Diaz,56,0710 John Throughway Apt. 059,Thomasville,Maryland,13831,178.033295,-79.1292375
Robert Lewis,64,44120 Dominic Vista,Erinchester,Washington,06827,-15.219937,82.600523
Andrea Henry,50,146 Natasha Port Suite 632,Davidburgh,New Mexico,95303,48.097668,-5.7370395
Michael Ford,59,8503 Reynolds Cliff Suite 065,East Donaldport,Idaho,08099,-26.846925,-9.3934045
Edwin Smith,80,282 Jessica Fords Suite 655,North Betty,South Carolina,96380,126.808802,22.0844185
Janet Hunt,73,5748 Hernandez Bypass,Kathleenbury,Kansas,73300,95.939586,-51.794331
Leonard Parker,55,8985 King Squares Suite 918,East Sara,Texas,44533,104.669351,33.3872235
Olivia Gillespie,23,552 William Meadow,Cunninghamhaven,Texas,48377,115.021897,83.461233
Kayla Gross,63,861 Wright Expressway Apt. 767,Kristinhaven,Iowa,63962,66.797741,39.5500455
David Guerrero,50,8716 Le Haven,Port Billy,Pennsylvania,68050,-119.152188,9.7333395
Rhonda Atkinson,47,0886 Roberts Course,South Craigstad,Texas,53794,123.392760,-11.252784
Kathy Williams,61,318 Martin Mountain,Lake Jennifer,California,30435,127.090576,-31.688377
Kevin Anderson,37,15956 Michelle Meadows Apt. 188,Robersonton,New York,10446,-87.965861,55.2990065
Joseph Cohen,46,3766 Jason Neck Suite 162,Jeffreyside,Iowa,43751,161.953058,21.3640235
Sara Johnson,80,75079 James Trafficway,West Ashleyland,Pennsylvania,36649,-140.226726,60.7822075
Matthew Spencer,57,26077 Kristen Run,North Cherylfort,South Dakota,95338,-121.080311,48.316829
Molly Avery,65,41812 Wang Hill Apt. 494,Wellsfurt,Delaware,23027,-175.269125,-74.6650785
Carrie Palmer,52,07057 Dixon Drives Suite 654,Michaelshire,North Carolina,01158,5.177468,-5.978673
Nicholas Reed,80,4761 Cheryl Camp,Starkside,Massachusetts,35382,-103.565336,16.9749895
Scott White,75,89678 Little Spring Suite 643,Jacobville,Alaska,47936,177.944589,-64.823146
James Bell,63,4238 Jacob Crossing Apt. 522,Nolanborough,Alabama,29392,-60.677448,-48.2265535
Jason Andrews,50,63062 Johnson Causeway,Seanburgh,North Carolina,29168,-3.222826,-24.606145
Howard Thomas,57,7731 Michael Ramp,Leechester,Ohio,91569,-4.251633,44.3011995
Amy Smith,34,0132 Amanda Place Apt. 842,North Kristenburgh,Florida,66445,-59.762584,-18.536513
Russell Powell,69,78442 Fernandez Spurs,Sullivanview,Arkansas,15706,1.658201,-31.322409
Lacey Harmon,36,513 Laura View Apt. 497,Sabrinabury,Mississippi,91245,155.761391,31.319412
Bridget Flores,70,0197 Andrew Row,North Hector,New Hampshire,77344,-77.996880,72.9691685
Crystal Smith,23,943 Christian Rue,New Jaystad,Oregon,44128,-55.849594,80.5033695
Pam Castro,35,1328 Robinson Squares,New Taylorport,California,10461,85.688417,-34.974266
Michele Houston,34,5037 Erickson Ports,Jefferymouth,New Hampshire,87715,13.787229,36.1896685
Jonathan Clark,53,879 Fred Court Suite 385,Victoriatown,Mississippi,74677,78.729406,50.6571825
Olivia Smith,46,515 April Drive Suite 795,Williamfort,New Jersey,98615,-62.869630,43.440137
Sarah Perez,46,1256 Nathan Ways Apt. 508,Jonstad,Kansas,63990,-124.504729,48.254940
Lori George,70,861 Robertson Fall Suite 998,New Wendyfort,Montana,10374,99.320668,-61.096920
Ian Kennedy,23,148 William Gardens Suite 875,North Cindy,Iowa,72095,165.781203,69.3259885
Christopher Thomas,24,366 Brown Tunnel,Michellebury,Ohio,32822,-0.934779,75.2121895
Julie Salazar,74,095 Miranda Pine,Timothyside,Idaho,97822,136.243753,-44.7043435
Michael Sanders,67,579 Travis Oval Suite 149,Drakechester,North Carolina,24879,72.911094,64.565243
Claudia Ruiz,21,235 Ortiz Fort,Bradleytown,New Hampshire,87414,-109.217235,-89.0406445
Suzanne Gonzales,24,1267 Kidd Highway,Vanessastad,Montana,90800,56.636357,-11.5001525
Lisa Graham,30,17144 Francis Street,North Brandonport,Ohio,80340,-29.812892,-45.616051
Stacy Jones,48,61006 Amy Park Suite 199,South Michele,Nevada,32961,148.305530,3.726616
Sylvia Williams,27,9510 Ryan Shore Suite 175,Patricktown,Vermont,87033,-103.743536,1.9125505
Mary Johnston,44,131 Lozano Knolls Suite 454,New Eric,Wyoming,35320,5.554221,-63.1081965
Lisa Bright,71,19954 Frost Court,Melissamouth,Pennsylvania,77491,-109.635721,-78.626954
Brandi Wilson,43,6992 Alvarez Pass Apt. 156,Haydenmouth,Maine,60824,-78.773473,-59.904640
David Foster,40,449 Sara Dam,South Elizabeth,Ohio,66327,26.869510,8.945793
Nicholas Thomas,57,9762 Hogan Island Suite 300,Floreston,Colorado,14469,-77.810989,-34.5479955
Christine Walker,20,682 Tammie Hollow Apt. 167,Sabrinaside,Alaska,41392,-103.358511,8.986509
Thomas Berry,66,7950 Caldwell Gardens,South Ashleyland,Wisconsin,86007,-91.306265,-37.237727
Ryan Terry,57,98335 Lyons Estates,Smithmouth,Washington,84522,-173.003392,-57.6759675
Mary Banks,40,8441 Zoe Turnpike,Lake Michelle,Louisiana,70953,-23.647264,74.3909225
Aaron Fernandez,51,673 Sullivan Road Apt. 871,Jamesmouth,Maine,73304,25.478187,9.4411145
Christina Burns,27,5322 Lopez Turnpike Apt. 586,Adamsfurt,Wyoming,71746,-175.633924,-25.611353
Deborah Ritter,42,5730 Haney Course Suite 680,Johnstonstad,Kentucky,05337,28.163430,51.1394565
Erik Fields,37,305 Kristen Parkway Apt. 347,New Timothy,Delaware,08306,134.324009,18.118586
Renee Gardner,47,22148 Taylor Mountains,Lisafort,Iowa,13885,168.175525,-40.829988
Kelsey Torres,24,6396 Boyd Locks Apt. 232,Port Jessicastad,Pennsylvania,84447,75.438144,12.647674
Ana Brown,63,4283 Morris Points Suite 484,East Amy,Georgia,67072,179.790413,39.1716645
